"AMPHIBIA, REPTILIA",CRUSTACEA,INVERTEBRATA AQUATICA,MAMMALIA,MOLLUSCA,PISCES,PLANTAE AQUATICAE,Albacore,Alewife,Amer. plaice(=Long rough dab),American angler,American cupped oyster,American eel,American gizzard shad,American lobster,American sea scallop,American shad,American yellow perch,Atlantic Spanish mackerel,Atlantic bay scallop,Atlantic bluefin tuna,Atlantic cod,Atlantic croaker,Atlantic halibut,Atlantic herring,Atlantic mackerel,Atlantic menhaden,Atlantic rock crab,Atlantic searobins,Atlantic surf clam,Black drum,Black seabass,Black stone crab,Blue crab,Blue mussel,Blue runner,Bluefish,Buffalofishes nei,Californian anchovy,Caribbean spiny lobster,Catfishes nei,Chinook(=Spring=King) salmon,Chum(=Keta=Dog) salmon,"Clams, etc. nei",Coho(=Silver) salmon,Common carp,Dungeness crab,Euro-American crayfishes nei,Finfishes nei,Flatfishes nei,Freshwater fishes nei,Great Northern tilefish,"Grunts, sweetlips nei",Gulf menhaden,Haddock,King mackerel,Lake cisco,Lake trout(=Char),Lake(=Common) whitefish,Lingcod,Marine fishes nei,Mullets nei,Natantian decapods nei,Northern brown shrimp,Northern pink shrimp,Northern quahog(=Hard clam),Northern red snapper,Northern white shrimp,Ocean quahog,Opalescent inshore squid,Pacific bluefin tuna,Pacific cod,Pacific halibut,Pacific herring,Pacific jack mackerel,Pacific ocean perch,Periwinkles nei,Pink(=Humpback) salmon,"Porgies, seabreams nei",Rainbow smelt,Rainbow trout,Rays and skates nei,Red hake,River and lake turtles nei,Sablefish,Saithe(=Pollock),Sand gaper,Sand weakfish,"Scorpionfishes, redfishes nei","Sharks, rays, skates, etc. nei",Sheepshead,Silver hake,Skipjack tuna,"Snappers, jobfishes nei",Sockeye(=Red) salmon,Spot croaker,Spotted weakfish,Squeteague(=Gray weakfish),Striped bass,Summer flounder,Swordfish,Tropical spiny lobsters nei,Tusk(=Cusk),Various squids nei,Whelks,White hake,White perch,White weakfish,Whitefishes nei,Winter flounder,Witch flounder,Yellowfin tuna,Yellowtail flounder
316.6,9864.941176,88.32222222,3344.666667,18205.66667,7320.584314,50788.5,16423.5,10733.5,3082,37,139027.5,954,128,10522,75803,1260.5,2151,1435.5,2987,575,26077,2611,244,89147,10021,134041.5,1685,104,24935,283,2943,19,28593.5,607,361,1063,11735,2213,707,10692,8300,33800,1718,9150,15984,5400,487,47597,6222.5,12884,1089,38,197452,71922,371.5,9222,1328,1341,1630.5,173,5295.666667,221,48668,9392,67913,3242,27323,800,2720,626,3215,2825,423,60444,112,4,38900,255,856.5,478,73,1554,1373,1155,11634,16610,213,6029.5,24,197,30533,28755,206,41500,2375,1475.5,1811,1169,5124,212.5,423,1732,535.5,681,6380,1179,1034,4971,12513,3189,42613,10938
304,9932.888889,52.18888889,3387.555556,17669.92593,6530.910506,57999,7822.5,13085.5,5154,80,127869.5,828,140,11769,70830,1185.5,2135,1973,3341,799,22690,1926.5,197,30487,7141,141680,1056,196,33775,300.5,4244,30,25936,843,445,1059,11698,3155,1405,12416,9800,29600,1739.5,11800,16070,5409,484,26270,5717.25,12863,1032,111,227874,69901,712.5,9222,1328,1341,1511.5,314.5,5921.333333,236.5,57249,11048,67057,3260,32139,744,5617,1752,4340,3533,1244,40750,539,8,67000,576,845.5,562,184,2343,1369,1860.5,10304,15959,252,5752,132.3333333,139,54466,26444.5,284,30000,2964.5,1320,1438,925,5287,97.5,374,1779,1270,659,5551,1034,1004,4971,9318,2725,24468.33333,8360
93.2,9635.444444,54.77777778,3548.333333,17679.71429,6583.206226,55626,11920,10515,3467,38,142842.5,726,165,11354,70389,1379,2068,1843.5,3427.5,256,19816,1881.5,179,70383,8250,152126,680,95,40733,255,4989,45,23640.5,399,485,1100,11667,25303,731,14631,9250,35100,1599.5,10050,16109,5161.5,468,29475,6063.5,14608,964,69,323341,73255,532.5,10694,1290,1776,1311,467.5,5557,258,57900,11174,56182,4053,32504,1760,1665,2076,4919,4139.5,2317.5,66462,1561.5,8,36000,523,1262,757,95,2001,307,1098,12227,12971,260,5601,54.33333333,147,49187,12854.33333,244,35000,3365,1812.5,1381,816,6954,129,366,1678,312.3333333,725,5429,1042,2005,5466,8602,2617,27099.66667,7705
46.8,10755.33333,30.77777778,3549,16473.21429,7248.035573,53464.5,6123,11844.5,2590,24,137701.5,541,281,12465,66623,1157,3762,1207,2257.5,648,16703,6978.5,202,59056,1822,267364,657,85,37460,649,2594,120,23030,437,245,988,7867,19237,883,13123,8250,34600,886.5,7200,12480,5838,251,65503,5843.75,13272,1582,69,253518,70277,454.5,9470,1024,1303,1032.5,229.5,7711,242,68722,13262,43671,4075,38581,1376,3699,9537,7553,5588,269,7863,2617.5,16,40200,459,1397.5,772,54,1350,177,1526.5,9258,9075,692,5164,122.3333333,95,43207,69743,220,41600,1982,1247.5,1663.5,759.6666667,7362,83,409,959,548.6666667,862,3842,1376,961,5178,6181,4573,27083.5,5789
69.6,10052.77778,38.55555556,3637.222222,17655.07692,7364.206349,62282,6964.5,10703,2951,24,121333.5,623,1551,13133,83600,1114.75,3206,1142.5,2983,406,16140,10726,156,47938,1756,275715.5,728,26,38716,550,2576.5,127,22974,636,314,917.5,8336,20272,1041,13685,9700,14800,690,6500,16343,4524.5,509,70094,5785,14263,1629,117,295790,61252,589.5,7541,953,907,1335.5,277.5,7992,352,62300,12023,46397,4246,34973,1608,6474,6173,5883,5083,547.5,16218,1538,16,58100,426,1327,660,47,3486,323,1491.5,10505,9040,903,5136.5,90.66666667,210,53920,46193,310,26100,1970,1187.5,2106.5,750.6666667,7160,111,390,974,940,1184,3529,1111,783,5461,5982,3993,27943.5,6519
71.6,9682.111111,41.22222222,6954.666667,16773.96296,8067.393701,59156,9375.5,12137,2679,23,115478,652,1021,12030,75820,1220.25,5072,1783,2431,208,15934,12889,139,67087,1830,293186.5,792,138,51454,549.5,2651,124,22303.5,376,287,937.5,7918,25801,1412,15796,8650,27200,704,6750,14821,7198.5,252,83435,6177.75,13928,707,96,364929,69058,1650,7434,822,793,1156,410,8416,447,56660,10934,48034,4197,31807,1400,8838,5727,4454,5008.5,515,34365,2394.5,49,46300,380,1801.5,484,38,4746,303,2234.5,10443,10819,610,5887.5,167.6666667,177,42604,28059,181,42800,2814,1255.5,2008,682.3333333,8197,174,334,933,693.5,1199,2933,953,894,5533,7180,2401,22869.66667,6643
52.2,9952.777778,47.66666667,5216.944444,15665.13793,7135.589844,47425,10582.5,8700.666667,2201,15,109647,562,588,13678,79368,1386.25,5576,1846.5,4326,454,15454,4308,151,73302,1097,266694.5,621,217,57822,466,2178.5,109,25793.5,351,230,1094.5,6355,18392,1832,14140,6900,31200,920,6050,13545,9576,407,91994,5914.75,12154,252,151,233249,60588,1539,6728,540,757,1317,11458,9062,1005,50945,9832,47884,4268,28601,1408,5647,9215,5409,5034.5,518.5,37200,2129,37,32500,22,1695,423,52,1861,240,1672,9995,10113,86,6279.5,115,175,60347,20598.5,268,30600,2080.5,1339,1848.5,632,7598,269,294,893,913,1291,2606,889,684,5448,7165,2003,20851.33333,10185
66.6,9888.666667,52.22222222,4417.611111,14041.03448,7071.054054,57662.5,8719,11529.66667,1342,19,100098,618,433,12350,71705,1321,5107,2586,4243.5,1123,18762,5594,132,81198,2075,207999.5,749,245,46583,352.5,2641,144,25159,286,419,737.5,6956,5263,1340,14382,6250,30800,1142,5300,14570,9151.5,1002,76485,5510.5,9527,337,59,286667,54229,742.5,5590,481,352,1346.5,16444,9700,2274.5,50660,9776,45698,4752,28441,952,3383,6967,5794,4858.5,2428.5,10009,1495.5,57,54800,231,2202.5,423,42,2540,294,943.5,14921,11673,96,6632.5,77.33333333,181,50532,27980.5,304,30800,2233.5,1370.5,1494.5,924.3333333,8905,462,287,745,661,1014,2026,945,1293,6331,7481,1405,18802,15116
71.2,10712.57895,60,3265.777778,14071.29032,7725.749049,45271,10497,7733,1423,20,88826,594,158,13193,93121,1296.666667,5530,1637.5,2216.5,1278,21084,2685.5,136,55056,1835,273738.5,857,228,74827,446,1855.5,148,26420,379,330,867,7774,3254,1442,15366,6217.5,17479,1285,4582.5,14190,8379.5,518,77344,5473,8950,190,107,451676,51088,787,5698,394,507,1644,19571.5,6213.666667,4684,56754,10953,42822,4936,31862,344,8915,3746,6045,12182.5,26040.5,17100,1831.5,66,28005,40,1583.5,377,57,2214,290,1994.5,11134,12613,107,6330.5,96.33333333,201,52250,25151,154,24399,2109,1396,985,1240.333333,8936,446.5,230,1019,589,858,2372,1141,1553,5686,7674,1333,24762.5,13522
87.4,11492.7,97.33333333,2282.888889,15067.93103,7376.318008,60633.5,9117.5,8103.666667,1376,19,78863.5,392,114,14138,100501,970.6666667,4808,1790.5,3790,637,18317,1556,122,70397,1378,237414,722,108,80734,512.5,1592.5,189,35084.5,375,336,789.5,7618,2295,1292,15799,5456,22595,1428.5,3099,14295,8200.5,615,23789,6164.75,7796,532,80,440650,53841,853.5,5037,175,453,1798,21250,6174.666667,2816.5,61235,10743,47020,4940,35452,680,1162,6010,2437,11551,19010,34082,2080.5,62,23854,63,1003.5,438,61,4081,368,2568.5,10131,15175,84,6189,110,232,50622,24340,156,43240,2508.5,1311.5,910,1297.333333,6499,303,159,874,827.5,1136,2624,836,561,8241,9062,1420,86030,14155
111.4,9493.952381,126.3333333,7060.5,14728.03226,7961.15444,66214.5,7446,8478.666667,1603,15,85792,366,51,12700,103758,1097.333333,4398,1686,3188.5,1074,21133,1173.5,130,26419,1366,258943.5,882,100,88573,570.5,1452.5,217,34645.5,565,448,847,7177,3498,1272,17449,6115,21836,1433,5262,14017,7416,1003,27198,5736.5,8509,194.5,60,532044,60599,867,5308,149,630,1814,21617,6473,4743,39700,7660,46269,5755,22287,448,4666,9942,1391,12074.5,12358.5,44367,2890,62,49194,136,834.5,419,36,3979,490,1520.5,9710,13026,198,5644.5,303,185,45689,34634,164.5,47013,1794,1219.5,1014,1435.333333,7941,287.5,190,864,513.3333333,910,2366,1006,315,8488,8795,1197,87232,17871
86.8,9971.857143,88.22222222,5428.388889,13666.03226,8113.91635,64859.5,10418.5,8626,2018,21,68146,291,44,13379,93088,1339.333333,5655,2177.5,5904,3209,21278,742.5,115,71912,932,279246.5,910,52,99365,536,2140,297,35203,474,561,1343,8395,1254,1424,17063,5694.5,27373,1323,6291.5,13740,5299,1411,52056,6102,5451,85.5,51,506527,60895,943,4562,117,506,1425,24813.5,6526.666667,5194.5,43386,8373,42064,5684,24356,240,4249,14706,1445,12192,9428,40988,4008.5,66,65004,172,629,470,45,3051,384,2009,7409,16626,134,6346.5,122.3333333,218,47668,23183.5,220.5,26331,1758.5,1155,1073,1310,6163,221,235,843,730.6666667,1280,2598,1332,261,7763,9154,1203,28226,27483
68.2,11396.2381,100.4444444,4811,14449.33333,7102.840304,56479.5,13786.5,9441,2295,33,68138,440,12,13733,75337,1125.666667,5326,1768,2834.5,4541,19132,617.5,124,70203,1322,164860.5,1052,109,124271,536,2095,371,32944.5,820,689,1266,8299,2073,1626,17506,6164,17618,1082,6373.5,13628,5639,969,59487,6257.5,7081,61.5,42,493919,56234,1147,3845,58,490,1086.5,21888.5,6461.333333,4822,56076,10822,46765,5971,31481,376,5244,14198,2889,10335.5,8807.5,43474,5420.5,62,71034,132,733,616,43,3044,284,1466,6626,17254,133,5677.5,161,254,42022,24720,220.5,19697,1511,1222,816.5,1414.666667,4963,431.3333333,265,866,717.3333333,1832,2835,981,404,5933,8971,1420,25044.5,37508
86.4,11238.71429,109.3333333,3650.5,13438.78125,6546.407547,29420.75,10900,8313.333333,2786,32,72377,472,39,13915,63908,1046.666667,3993,1377,3527,1461,17576,559,140,28887,2146,127737.5,1033,316,122844,487.5,1841.5,428,35628,307,572,1054,8380,2257,1647,17265,6516,29866,1147,8624,15034,5226,1514,76314,5816.75,7022,298,28,456656,60554,785,2840,46,705,1186,23427,6316,3288,50772,9798,48034,6298,28504,408,7454,10891,2909,7948.5,11849,40816,4816.5,90,73630,271,845,201,47,1990,384,1829.5,6027,19512,91,4381.5,103.3333333,358,42743,17542.5,225.5,25980,2037.5,1210,1037.5,1301.333333,4440,489,203,1052,342.6666667,1129,3137,696,631,4282,10446,1595,33974,37581
95.6,13483.80952,99.22222222,2933.611111,14603.93548,6670.981343,31226,8440,11907.66667,3529,35,63680,709,418,13719,37918,1295,2849,1817,3477.5,1060,16351,785.5,149,34360,1963,137935.5,1031,235,141986,491.5,2018,396,38844,554,914,1136,8269,2600,2608,16331,6648.5,14182,1232.5,8703.5,13716,6557.5,3983,78448,5982.5,5650,313,49,507077,60733,1041.5,2191,56,792,1546.5,23250.5,6258.333333,4556.5,57250,11048,48229,6363,32141,336,8446,3809,4606,9184.5,7834.5,30326,6516,94,36131,485,570,231,68,1836,439,1651.5,5312,20003,165,4852.5,104.3333333,302,37454,15259.33333,227.5,33593,1162,1380.5,1231.5,1172.333333,4465,458,218,987,592,1032,2725,1007,648,5342,11621,1747,36060,36406
71.8,14041.85714,95.66666667,2954.222222,14729.6129,5891.802239,27634.25,8385.5,13222,3281,111,61451.5,580,231,13400,60359,1104.333333,3058,2148,3324.5,562.5,17044,766,140,32794,2720,86307.5,924,425,145287,455.5,1101.5,485,38555,331,1144,1243,8180,28250,2427,15719,6174.5,25631,844.5,8737,14673,9008.5,1485,52805,5961,5587,220.5,64,420558,60005,1025,2076,54,919,1805,20533.5,5749.666667,7810.5,51892,10014,50159,6000,29133,328,8630,8151.5,4528,9145.5,5467.5,18651,5036.5,94,73944,902,629,261,44,1080,326,1572,3969,21087,246,5793,115.6666667,382,41009,13735.5,202,23190,1354.5,1451.5,853,1380,4578,276,222,1006,613.5,2017,1624,1438,607,5030,14695,2380,60380,30384
79.6,14386.90476,89.11111111,3670.166667,13398.78788,5409.94382,30446.5,10963.5,15290.33333,3307,183,76061,724,737,12129,38701,1064.333333,2853,1788.5,2052,1940,20139,573.5,133,31685,3864,77417.5,839,253,145103,416,1062.5,441,33719.5,743,1156,970.5,8473,31575,2002,14934,5937.5,15630,1134.5,5965.333333,14534,9624.5,2052,50023,5914.25,5055,29,145,373019,44663,1383,1744,92,743,1938.5,25652.5,5183.333333,12352,63688,12291,52112,5837,35755,160,8891,6523,4153,9021.5,4150,17421,3582,103,23460,250,681.5,295,86,736,312,1604.5,3310,17378,283,5024,290.6666667,400,31545,18029.66667,224,14991,2494,1310,698.5,1587.666667,3873,306,204,779,588.3333333,1339,1270,1114,555,5630,12297,2576,32208,26259
62.2,12952.95238,93.11111111,3286.777778,13450.90909,5873.23221,31437.25,12673,12786,2691,148,80275,769,718,14755,22803,803,2759,2670.5,2785,807,22324,1054.5,114,41838,3453,100141,742,221,130597,378,943.5,636,26262.5,529,1065,1226,8661,7125.5,3247,14930,5860,27881,1145,5954.333333,13418,11333,2685,45414,5848.75,5202,17.5,186,423459,32044,1406,1671,127,861,2033,24333,4623.666667,12792.5,59030,11392,50595,5305,33139,816,11309,6124,2892,11675,3424.5,25360,3130,82,67346,143,742.5,307,48,599,257,1014,3202,18338,399,5770.5,83.66666667,436,35902,15614,273,34942.5,1422,1515,993.5,1682.666667,2926,182,142,612,574.3333333,1336,1275,1305,391,5573,9529,2836,34881.5,31752
68.2,13526.57143,86.55555556,2171.722222,13279.78788,5970.962547,30368,10911.5,13306,2857,85,65523.5,849,393,15313,13998.5,997.3333333,2534,2476,3951,1226,26083,1528.5,96,31371,4040,75084,715,103,159658,361.5,1037,620,31020.5,838,746,1355.5,7983,30762,3839,15056,6357.5,11255,1865,3324.333333,11483,10899,3585,38200,5860.5,5388,16.5,158,550880,20788,1407,1053,133,1162,1432.5,23223.5,5247,14181,58881,11363,52142,4632,33056,2320,9425,7232,1975,12263,6320.5,23646,3107,82,50900,174,861,311,65,704,298,1381.5,4115,23849,532,7490,80,612,20560,11789.5,265,18485.5,964,1254,1076.5,1880.666667,1782,213,140,487,500.3333333,1647,1378,1438,498,5097,11268,2548,46734.5,31705
80,9611.764706,58.57142857,910.7714286,9817.647059,4761.467662,35600,4520,9033.333333,2200,100,112400,550,400,15300,9350,550,2000,2350,8300,800,24600,2600,100,35100,2500,133100,400,100,118800,350,600,800,34400,1100,500,1400,9800,20400,3900,17900,4633.333333,12800,866.6666667,5936.666667,11900,9450,3100,19700,5725,5100,50,300,729900,9800,1300,500,100,1900,1400,11475,3500,24450,68800,10200,53700,5100,37200,7400,14300,2666.666667,2800,6400,3200,13600,2250,100,15000,200,850,300,100,1000,200,1350,4900,13950,700,6000,325,300,7600,11362.5,300,24150,1450,1350,2550,1166.666667,2400,25,100,800,400,1000,2600,1200,400,3400,5800,3300,12742.85714,28500
60,10150,51.07142857,1069.857143,9112.745098,4555.351759,37175,5460,8933.333333,1900,200,96350,400,400,14600,11400,625,1600,2450,7000,666.6666667,21100,3750,100,40100,2500,189000,600,100,135000,450,700,900,34050,1250,500,1700,11300,34000,5400,16600,4066.666667,16850,1400,4660,10300,6350,2800,15200,6875,3850,50,200,502200,5300,1100,400,100,2300,1500,11375,3750,24650,69300,10600,48900,4100,33700,5100,9100,3833.333333,4800,5800,4300,11600,2150,100,7566.666667,100,450,300,100,1300,200,2750,5700,9450,700,7450,225,50,5950,6750,300,11150,2600,1600,3650,1533.333333,2500,100,200,1000,433.3333333,1100,3000,900,400,3000,4550,3100,31980,32700
60,9711.764706,186.5714286,817.6857143,9309.803922,4663.032581,34975,3620,9233.333333,1700,300,93700,300,500,13100,10300,500,1400,2200,3500,466.6666667,22900,5100,100,26200,2000,184600,700,100,169900,450,800,900,31550,1900,350,2400,11800,63000,5100,16600,5466.666667,11950,1733.333333,4850,13400,3250,4800,21900,7275,5700,200,200,487100,3800,1350,400,100,2200,1900,14800,3975,34500,45300,13800,43100,3900,31700,5300,5500,3033.333333,3800,5200,10150,4700,1450,100,7466.666667,100,750,300,100,1200,300,2800,6700,8600,900,9100,425,500,9650,7900,350,11500,2450,2000,3700,2233.333333,4500,175,100,1300,600,1400,2500,700,400,2700,4450,2500,31960,29800
71.8,10046.55882,287,944.2285714,9943.607843,4689.94,39226.75,4992.8,10633.66667,2042,416,94876,706,507,12946,11939,400,1874,2495,4523,363,26606,5080.5,79,32607,1074,159881,651,124,180287,478,881,1175,34503.5,2113,167,2390.5,11523,40084,4938,15902,4281.333333,9613.5,1166.333333,6213.333333,11134,3185,3369,17085,7788.75,5844,316,204,587717,3731,2373.5,265,166,2225,2015,14822.75,3941.25,32378.5,50377,13407,44311,4103,27981,3042,13113,1817,4542,4203.5,12772,5773,1413.5,64,6060.666667,90,1003,93,96,1194,320,3545.5,8857,9991,1016,7990,270.5,313.5,6693.5,13123,388.5,11062.5,2340.5,1909.5,3305.5,1671,6383,472.5,88,1341,831,2583,3809,651,341,2258,3643,1861,31068,24957
65,9373,302.4285714,824.6857143,9567.653846,4671.675,39463.25,4443.4,9070.666667,2494,691,82401.5,811,684,13698,19096.5,312,1447,2589,5495,739,25461,6659.5,77,36170,1864,137594.5,522,74,173509,417.5,1168.5,980,31152,2544,393.5,2321.5,10928,74697.5,3363,15807,4501.333333,7498,1221,4191.333333,10428,4163,5374,10912,7971.5,4541,395.5,114,542794,7358,1461,235,207,2145,2081.5,14748.75,3570,31777,44736,12555,44960,3853,26802,4705,10734,2474.666667,5551,4813,11600.5,8341.5,883.5,61,8807.333333,148,613,327,147,1385,299,4372,9494,9381.5,1176,7928.5,208,245,9597,14337.2,418,11865.5,2938,1709,4159.5,1338,7608,619.25,93,1408,663,2627,3697,605,536,1109,3873,2147,31055.8,19457
29.4,10649.47059,519.9285714,661.4857143,9456.962264,4997.747573,39617,2661.857143,8122.666667,3548,863,108075.5,567,1320,14280,19748.5,293.75,1564,4093.5,4853,612.6666667,25415,7035,63,50130,2929,181821.5,644,50,102152,669.5,961.5,1126,26751,3859,274,2409,10092,59765.5,2430,13786,4549.333333,12885.5,1262.666667,5463.333333,10861,7812,3759,11159,8536.75,4512,551.5,133,561525,5805,1770.5,204,148,2462,1776.5,15816.75,3090.25,38057.5,61676,11502,45368,3479,32035,20325,9229,2841.666667,5870,4115.5,9857.5,10179.5,1215.5,72,15487.33333,175,1238,312,55,2256,125,3989,10800,10778,803,10042.5,149.5,280.5,10815,10296.55556,411,18974,1264.5,1556.5,4734.5,988.3333333,10769,491.5,135,1269,799.6666667,1773,4132,482,480,819,3589.5,1886,22291.875,17225
21,12191.08824,510.1428571,810.2,10491.92453,4609.201456,40202.5,2053.571429,8023,7006,1297,84933.5,336.5,505,14382,48776.5,416.5,1554,3104,5861,603,34262,7802.5,56,50627,1362,183625.5,746,60,104792,158.5,1329,1098,29438,6491,250,2567,9702,52602,2318,15770,4940.666667,13018,2506,4384.666667,9926,13693,665,16031,7477.5,5240,1076.5,9,447461,12896,2133.5,236,173,227,1711,14062.5,2481.75,43526,67115,17837,42791,2791,37215,68783,8804,1962.666667,4966,3983.5,10032.5,24978.5,1262.5,38,18997.33333,265,919,252,171,1754,89,5755.5,13051,10935,348,9868.5,348,80,10277.5,6606.111111,403,20396.5,1551.5,838,4240,777,8873,422.25,169,1237,198.6666667,840,4941,559,437,2342,5254,2482,16238,16537
29.6,12307.82353,643,709.9714286,11750.67925,5514.659367,40190.25,2417.428571,8312.333333,9517,1769,105162,624,1220,15612,63424,401.75,2006,1655,4055,513,39249,7475.5,93,50490,1614,178369.5,775,45,79313,242,1129.5,1455,31531,9018,250,2622.5,11167,8024,2080,14798,4502.333333,11450,2335,4473.666667,9373,8902,5154,16885,8751.25,6167,1678,141,820352,17911,1254,150,158,2170,1494,12552.5,3606.75,35020,63624,16910,36303,2517,35279,85950,16965,1557,4952,3963,9772,15422.5,1222.5,13,29464.66667,391,797.5,249,351,2196,124,6619.5,17715,10758,534,13474,585.6666667,213.5,11583.5,12017.22222,470.5,22386.5,2074,966,4857.5,680,8472,1058.5,93,1535,203.3333333,1461,4948,375,408,696,6110,3550,14964.75,11418
49.2,12016.68571,54.93333333,715.4705882,12196.7963,5857.645238,40702.25,1030.571429,4310.333333,13557,1564,110675.5,590.5,1814,16761,54284,317.75,2296,2714.5,1805,462.3333333,53635,6457.5,85,83459,2682,215199.5,629,13,90831,19,896.5,1770,37369.5,7262,475,3555,13935,24254.5,2959,13091,4314,19259,2918,5755.666667,10710,8681.5,1544,9133,7612,5578,1879.5,68,702073,25033,1595.5,172,190,2141,1843.5,14102.5,4236.75,22158.5,60928,16193,35313,2222,33784,127880,11442,758.6666667,8923,4301.5,24284.5,10067.5,1535.5,43,38335,602,910.5,240,684,2539,227,5017,17986,9333.5,543,23980.5,508.75,279.5,8067.5,13325,698,47072.5,2308.5,993.5,7954,685.6666667,10704,1084,153,1949,105.6666667,984,4730,593,399,906,8675,3382,13132.625,19331
26.2,10973.31429,49.2054,708.9117647,15764.12727,5661.490566,12175.75,1900.857143,3601.333333,12165,905.5,101580,485.5,472,17007,49119.5,275.5,2024,1399,1256.5,429.6666667,45570,4097.5,86,63102,2718,201220,341,12,111255,34.5,846.5,1845,44892,8659,375,3778.5,12436,28714.5,2463,14810,4697.666667,22426,6968.5,5143.333333,9982,8068.5,890,8405,8492.5,3538,1949,81,552567,25095,1638,185,320,2528,1705,13458,4156.75,15329.5,67461,17930,55988,2606,37407,135743,21639,292,29063,6055.5,24475,7036.5,1220,119,38874.33333,883,624.5,28,297,2421,131,6511.5,16934,8397.5,519,26944,554,290.5,8288,10095.55556,760,51295.5,1487.5,901,5982,584,8123,1026,539,1828,73.33333333,586,5523,587,348,1128,9684,3143,14159.625,15452
21.2,8221.285714,507.6318125,991.2941176,13908.39286,7231.432941,1195.25,1501.857143,4724.333333,12485,1287.5,101005.5,219.5,461,20052,37188,526.2,1245,1393,4457.5,403.6666667,51018,1899.5,76,23253,3810,210168.5,950,38,137918,23.5,903.5,2130,43516.5,14094,464,3791.5,14110,2152,2053,15391,3693,18125.5,623.75,4439.666667,11993,6523.5,1633,6910,11007.75,4840,1435.5,84,923585,14770,1516.5,142,352,3714,2125,11340,2896.75,4792,64034,10853,44724,3142,30064,132674,1820,255.6666667,66186,10220,29310.5,8981,2415,81,29353.66667,706,598.5,291,3411,2165,90,9287.5,13980,8920,276,22680,530.25,417.5,8511,15787.33333,770.5,70340.5,1643.5,834,3978.5,253.6666667,11757,1380.75,314,1940,791,1564,6414,141,34,1667,7736.5,6033,13706.875,33069
3247.833333,8422.378378,504.2826,662.7941176,18988.5,7639.212963,9750,1958.714286,5396.333333,10229,1260,78440.5,265,1168,19943,33317,439,1152,946.5,3298.5,379,43897,2409.5,77,33468,4524,164248,1108,22,175749,14,1121.5,1774,46207,10990,452.5,2883.5,10181,4036,2369,11961,3283,25705.5,4395.5,7344,11964,5660.5,1935,10658,12324.75,3116,1335.5,85,982888,11792,1202.5,129,457,4756,2111,11099.5,2583.5,5924,65500,11269,32207,2606,40747,145709,564,227.6666667,90950,10826,23755.5,5295.5,2986.5,36,41672.66667,614,1862,879,4099,2280,83,11782,17933,8047,87.5,19580,576.75,460.5,10489.5,16288.77778,795.5,52088,1313,750.5,4474,408,14146,1489.25,490,1787,179.6666667,1659,6767,175,54,1883,7367.5,6643,12529.875,17823
3435.333333,9229.555556,636.0348,109.5588235,14799.58929,8009.177829,27079.66667,1172.142857,5760.333333,8375,1381.5,68051,178.5,1291,20934,28869,347.4,1491,1318,2576.5,419,37568,2531.5,90,25915,6749,179535,994,11,182833,13.5,920.5,1751,43227,13774,234.5,3116.5,10487,3303.5,1667,13162,4110.666667,20978.5,6859.75,7359,12188,6414.5,2519,6500,18547.75,2731,1269.5,70,883514,6539,1208,120,428,3939,2029,9042.5,2404.75,7611,70852,12139,30524,2213,44573,195128,9308,1068.333333,90929,13797,32222.5,4729,2189,17,48253.66667,538,753.5,773,3930,1821,67,14421.5,19721,7862,135.5,18657.5,637.75,383,10102.5,10633.44444,963.5,53542,1262.5,547.5,3719.5,181.6666667,12804,1524.25,742,2363,270,1929,7370,217,56,1840,5457.5,6396,15627.125,11140
4660.833333,10417.94444,1016,45.85714286,12630.66071,8609.254042,13874,750.1428571,4433.333333,6118,1205,62317,192,1093,20890,36689.5,333.4,1519,1464,2357,96.33333333,27730,2808.5,46,36007,9639,128106,772,24,195162,6,1057.5,1658,41842.5,16957,125,3168,10882,3047.5,2362,12878,4663.666667,19609,6014.25,8742.666667,8064,5082.5,6433,5385,22371,3046,1357,99,828503,4975,1243.5,78,529,4298,1301.5,12155.75,2454.5,14217,76899,9727,20068,1845,53273,169725,19153,1519.666667,113390,17597.5,29657.5,5369,3671,6,40619,604,1083.5,526,4190,2129,39,19465,24707,5789.5,140.5,20979.5,672.25,426.5,9087.5,11968,1000.5,48129,1371.5,776,4672.5,50.66666667,11080,1109.5,711,1882,8.333333333,3741,6390,219,44,1604,4028,5149,16599.625,10379
5801.5,10037.72973,1616.266667,469.0285714,13960.76786,10245.23557,26846.33333,617.7142857,3113.333333,5057,3452.5,50039,186,908,20665,59842,397.4,1771,1551,1452,389.6666667,26808,2505,31,38345,12517,161590.5,1343,23,149183,3.5,1078.5,1612,45005,18815,298.5,3453,11532,2915.5,2169,13996,6038.666667,19577,5937.5,5393.666667,12553,6681.5,7810,21918,21362.25,1793,1803,126,907103,3027,1038,124,507,4199,1594,10379.25,3416.25,11237.33333,68090,8912,21512,1505,42554,187562,19576,265.6666667,136900,17245.5,27805,6049,4810,355,25599,520,1029.5,484,5035,2009,72,23353,20704,8007,124.5,26895,863.5,756,7866.5,11601.33333,1173,51576.5,1749,770,4066,65.33333333,11626,1106,441,1390,14.66666667,2830,5830,334,53,1739,4516.5,3804,21406.625,7560
10454,10563.08108,2089.130867,616.3428571,14097.875,10086.03678,17877.75,1234.857143,2472.333333,4701,3792.5,29497,279.5,572,22064,57926,357.6,1210,961,1164.5,307,34506,2405,78,41003,12375,180231,692,29,156204,36,1052,2268,49906.5,33552,547.5,3822.5,2327,2818,2438,6891,6905.333333,33218.5,3304.75,6641.333333,1232,10759.5,8010,3354,38958.75,42,1033,148,638733,2916,977,186,558,4875,1482.5,10567.5,3701.5,11755.66667,63487,7992,28091,1794,35830,171707,36451,259,232729,18469.5,29808.5,5113.5,2703,675,26684.66667,761,694.5,506,5798,1739,73,24409,14992,7415,84,29180.5,1640,794,8067,15119.88889,1540,43099.5,1623,702,4656.5,61.33333333,13500,1453.5,812,1072,32.66666667,3035,4788,340,49,1950,4205.5,3629,15892.625,5041
12335.16667,10982.59459,2039.522067,411.4,13214.41963,9706.043578,27499,784.4285714,2147,3492,5678.5,25891,263.5,450,24007,57344.5,369,1688,1533,680,401.6666667,35572,1879.5,20,53142,14638,178434,247,10,163721,2.5,851,2404,47212,22688,189.5,2365,1684,3037,2438,6276,4626.666667,15578,5335,6413.333333,1055,9295.5,9613,4550,12608.5,514,576.5,174,583350,1727,855.5,161,528,4460,1815,8466.25,3582.75,12791.66667,71938,7733,17865,1454,32217,191746,27400,316.3333333,213224,17038,27067.5,6446,5065,1735,55626,793,696.5,613,6642,1559,63,22133.5,10546,7242,68,30305.5,1939,1058,8925,12377.55556,1544.5,62154,1654,780,3217.5,43,7860,1334.25,753,934,202.3333333,2330,4550,338,43,1607,3409,2370,15516.125,5577
25281.33333,10513.925,1855.5275,259.6,12136.17238,10025.959,16194.5,1073,2605,2488,5175,33008.5,210.5,226,27677,133859,358,1519,1310,1298,389,43491,1539,16,51300,31922,214099,344,22,173502,31,1108,2639,46087.5,16413,429.5,3130.5,704,2991,2606,4922,3825.333333,15921,4925.5,7123.666667,777,7124,3449,5060,23861,899,771,291,519583,2468,964.5,255,484,4812,1654,11023.75,3237.75,9041.333333,39700,3057,17202,1156,17061,177322,16366,444.6666667,254927,15971,24521.5,2032,13828.5,656,41185.33333,885,743.5,883,11342,1758,79,20367,9545,6180,61.5,38661.5,1668,883,10092.5,12726.22222,1614,71966.5,1550.5,389.5,2241,159.3333333,4045,2188.25,623,1225,207.3333333,1553,4928,314,56,1626,3411,1479,13217.75,14361
20505.16667,11984.45,2110.72875,159.2,11931.4224,8953.634703,29416.5,941.4285714,2141.333333,4284,6135,21910,277.5,285,28729,65784.5,317.8,1649,1695.5,1031,271.6666667,42019,863,31,60884,28852,198762.5,524,44,159860,43,886.5,2855,51081,16859,272.5,3001,1265,4364.5,2878,5072,2965.333333,17278,2907,8295,949,5061,4968,3873,10874,371,927.5,474,550730,1838,971,354,414,4513,1876.5,9603.5,3256.25,7858.666667,34316.5,2874,26030,1069,20544.5,186360,30909,121.3333333,251164,15030,27928,820.5,6802.5,680,54857.66667,601,725.5,546,11212,1676,30,18962.5,7867,4534,49.5,22105,1396.5,805.5,8285.5,19733.22222,2997,60962,1700.5,654.5,1966,128,6311,2037,341,1497,356.3333333,2666,5605,729,74,1813,3768,1790,5985.125,7771
31917,11954.075,1957.93,204.2162162,12357.93851,9039.127273,20943.25,1198.285714,775.6666667,6652,8154,34376,307.5,532,25307,53819,338.6,1566,840.5,782,325,27798,991.5,22,59924,12629,170273,743,34,182269,37.5,965,1961,44143,21362,299.5,2629.5,1049,3102.5,1792,4906,2611.666667,20504.5,2783,8645.666667,780,9454,12175,3529,16938,919,1214,385,432848,2318,1017,279,313,4603,1200.5,12781.75,2549.25,13918,27067,2737.5,24689,1510,19954,192496,13203,355.6666667,249717,15542.5,36073,595,10315.5,624,30805.33333,483,812,1041,12473,2157,35,17112,7186,3942.5,63.5,28365.5,1832,994,8140.5,19179.77778,1522.5,78602,1561.5,537,1693.5,193,7622,2235.75,418,1581,586.3333333,2546,8993,818,54,1909,3207,2235,9442.5,5631
33579.83333,11489.7,2136.515,208.5384615,13044.18419,9718.165533,21277,1129,285.3333333,5808,9382.5,42034.5,261.5,774,25634,28351,340.8,1412,1179,1335,348.3333333,22908,1978.5,19,56392,4691,173903,880,17,179354,32.5,939,2483,57020.5,14931,410,2398.5,982,2219.5,2548,5463,2773.333333,20507,5141.25,6191,1106,12576.5,22105,5243,12694.25,1415,1336.5,484,551822,879,1229,388,324,5162,1089,16844.25,3579.5,9768.666667,26519,3745,23026,1513,16180,197559,32262,185.3333333,218996,14647,24170.5,890.5,10324.5,384,51877.33333,583,838,268,8103,1643,28,17569.5,5670,4573,70,27366,1715.25,1090,8055.5,17582.11111,1951.5,89569,1681.5,530.5,1595,254.3333333,5771,2489.25,208,1428,318.3333333,3687,7460,935,44,1839,2633.5,2595,5960.75,3607
30980.5,9167.780488,2044.421688,213.5128205,12866.083,9844.61573,29210.25,1825.571429,146,5062,9569,46094.5,362,1124,30126,30594,213.4,1387,1357.5,262,354.6666667,17533,2496,21,48667,8959,143251,718,49,167600,51,1016,3177,48324.5,10891,276,2228.5,896,1890,3420,5262,2861.666667,30308.5,6762.25,11870,824,10434,11130,4430,7369.25,1078,759,536,767448,328,1006.5,345,298,5110,1146,7804,3463.75,7352.666667,25787,2878.5,10562,1520,18419,177874,55108,310.3333333,208785,13514,25591.5,1448.5,7000,202,55218.33333,644,596,174,8846,1701,13,16179.5,3737,2595,95,20798.5,1839.25,1065,8021,17010,9178.5,69131.5,1991,531,1383.5,249.3333333,4961,1730.5,256,1081,567.3333333,2237,4695,747,35,2436,1796,2693,10306.75,3094
49349.25,7102.826923,1328.347826,191.65,11682.19672,7158.017794,10549.14286,1058.714286,154.3333333,4643,13287.5,59933.5,297,1170,31734,65795,456.3333333,1275,1183.5,778,448,13633,3432,11,77729,8444,363289,915,119,145204,1430,637.5,1378.5,48800,17498,246,1883,972,2016,3186,3816,5701,61137,13641,11529.5,984,21760,7938,11389,5409,2087,606.5,204.5,472306,410,1057.5,316,406,5310,2486,3015.5,8,1695,29111,5187,11649,710.5,22277.5,167894,70252,368.5,271916,21991,52893,1790,15479,122,189556,1676.5,491.5,209,7259,1600,25,30523,3352,2651.5,70.5,5081.25,989.25,990,14696,22220.5,125.6666667,159281,1806,426,1611,1737,3495,1566.75,300,781,3924.25,2555,4324,926,35,2161,4029,2227,6150.166667,1928
47717.25,7306.365385,1162.043478,209.675,11853.96721,6904.713523,8447.285714,2681.142857,154.6666667,4384,13256,74987,229.5,1536,32343,66185,505,737,829,108,459,14239,4749.5,13,92866,15849,305664,705,30,142434,1432.5,965.5,1486,52210.5,15234,42,2088.5,846,4505,3569,2410,4553.5,65608,13637,10645.5,1065,29547,5794,22220,7820.666667,211,676.5,144,491739,571,1164.5,226,286,5272,2449,3637.5,17.33333333,1667,28139.5,7106,13616,1016,14926,145444,80561,2357.5,278404,24038,56470,2276,20929,158,126138,1592,358.5,210,14187,1092,26,27568,2961,2371,43.5,5420.25,1230.25,835.5,16179,20357.5,108.3333333,142944,1302,259.5,1574.5,2134,2870.5,1526.75,395,466,214,3112,3281,998,47,1367,4595,2088,7560.666667,2346
55780.25,7455.634615,1086.652174,170.075,10854.55738,7136.231317,10061.57143,2716.857143,175.3333333,3922,13906,67825,213,2085,37451,51513,449.6666667,657,866.5,231,512,12980,6140,14,95394,14969,290948,1133,16,131260,1356,798,1488,53224,11785,90.5,2064,990,5779,3226,4219,5281.5,47256,8113,5263,1057,17362,10421,14670,5449.333333,469,954,160.5,622129,1503,1396,215,492,5842,2238,3369.75,16,2364.666667,24938.5,4724,11534,1117.5,16697,150719,70329,1136.5,316625,33000,62097,1175,21069,123,99568,1211.5,261,193,10944,1321,19,25498,4264,2552.5,37.5,4549.75,1132.75,891,15565,18692.66667,92,86751,1512.5,215,1655,2792,1948.5,1627.25,503,443,284.25,2266,2223,1241,28,1392,5342,1771,10649.33333,2871
51662.5,8472.730769,885.826087,132.9,9048.229508,6785.955437,3718.571429,2920.142857,176.6666667,3659,13093.5,57718,230.5,1291,36044,45814,648,556,800,390,526,11114,5767,8,81925,12306,275288,1364,32,122151,1064,742.5,1607,50778,7487,136.5,1883.5,959,1584,2645,2637,3670,59081,8331,8185,1068,15557,9969,9075,4748,116,159,151.5,495769,2838,1321,284,500,5678,947,2741.5,13,1901.333333,29564,6316,7451,1084.5,22359.5,133459,2895,982.5,267451,34934,41728,1479,18359,170,150859,1038.5,160.5,176,13829,1327,24,21119,5572,3129,29,4469.75,1233.5,698,14873,20390.66667,80,58388,1682.5,133.5,1910.5,3045,2491,1713.75,392,354,373,1840,2366,966,76,2085,4882,1848,8346.666667,3532
59890.5,7958.307692,981.0869565,63.12765957,11487.60656,6666.435943,11285.57143,2089.142857,203.6666667,3131,12484.5,73827.5,229,1918,40166,83209,359,537,758,132,532,9724,6093.5,11,79420,11885,208084,1300,38,133792,1230,821,1303,50006.5,4852,103,1688.5,2216,5311,3438,2360,3444.5,65223,8532.666667,6628.5,1125,19955,5999,3219,4950.666667,177,208,164.5,694355,3143,1397,239,494,5353,623,2261.25,9.666666667,1189.666667,31082.5,3063.5,3916.5,1129.5,23469.5,128329,92101,98,237680,36044,41317,1155,20952,223,173315,840.5,164,117,11687,1557,40,21925,4590,2989,48,4376.25,984.75,874.5,14021,25976.33333,113,110835,1292.5,189.5,1566,2917,2379,1866.5,289,230,149.5,3695,2621,1043,113,1525,4637,2121,7685.666667,4428
62242.75,6826.403846,947.6521739,83.75510204,12226.32787,6459.778966,5996,1453.571429,167,4213,10361.5,73913,195.5,1284,39374,121525,296.6666667,567,833.5,92,562,11372,6077,11,72030,5585,208752,1828,25,156369,1367.5,773.5,1582.5,42192.5,7546,64.5,1845.5,1281,11832,2615,4732,3648.5,73377,8906.333333,7667,716,17335,178,5847,3080.333333,399,252.5,200.5,591563,4002,1168.5,255,573,5199,171,2893.75,10.66666667,1118.333333,37466,2893,8837.5,1121.5,27884,106336,118903,158,240635,34381,34565,1450,17952,216,94440,667.5,199,145,13364,1589,49,22577,4043,2965,38,3604,582.75,785,12361,16144.66667,115,94414,1577,129.5,1224.5,3138,2499,2002.75,325,188,1281.75,2309,2984,1223,104,983,5843,2439,5619,6934
66380,6182.403846,717.6521739,63.85714286,12415.72131,6893.313167,5302,2663.857143,239,4425,11610,67440.5,197,1787,32293,175372,301.6666667,640,999.5,24,614,15063,6510,11,94786,12319,260609,282,40,146734,1321.5,849.5,1539,36062,7311,71.5,1995.5,1588,19337,1546,4916,3721.5,50329,23623.66667,8682.5,702,16578,4772,14853,2106.333333,429,623.5,215,528633,5827,1123,303,451,4484,183,2530.75,9.666666667,1304,34502.5,3624,7086.5,1091,20513.5,82741,86311,159,213967,35014,41606,3887,17707,734,173065,998.5,104.5,215,13120,1672,50,19984,4109,3284.5,28.5,3157,334.75,644,12905,14839.5,92,77164,1548,76,1134,2950,2430,1066.25,320,180,1188.75,3592,3481,1225,121,737,6930,3015,5766.333333,7289
81331.75,6817.115385,615.6956522,62.8627451,12535.60656,6789.02669,7099.714286,2509.285714,310.6666667,3412,11390,56420,150.5,2779,37688,199018,280.6666667,686,869,81,604.5,13086,5919,10,61587,21475,210893,502,62,158390,1381,963.5,1483,39820,12751,80,1587.5,1559,4878,2035,4049,5649.5,48307,25580.33333,8701.5,630,22211,7077,15789,2327.333333,348,649.5,165.5,585350,7541,1056,285,346,4239,250,1736.75,29,1042,29433,4164.5,7302,1125.5,21865.5,81001,72876,20.5,232617,36753,35573,1032,20619,264,116043,1718,94,148,13004,907,35,18550,3580,3398,32.5,3279.75,296.75,566.5,7932,14993,63.66666667,61632,1246,82.5,1082.5,2879,3227,985.25,322,149,878,2883,3266,1022,192,822,5877,3188,5497.333333,5279
88964.25,6678.615385,647.5217391,47.875,12275.45902,6822.135472,6950.857143,2465.714286,253.6666667,2428,13039,58143.5,230.5,2401,32515,211472,313.6666667,778,1128,65,476,10705,6486.5,17,96072,30921,203088,1384,61,159512,1255,868.5,1225,38757.5,11404,91,1705.5,1687,1929,1937,3451,6196,41660,10155.33333,7315.5,525,38802,3782,8468,756.3333333,286,666,144.5,518363,6777,1186.5,298,253,3658,182,3387.75,66.66666667,873.6666667,32812.5,3465,2149.5,1032,23891,133841,44954,16.5,257435,35755,33717,248,21467,219,151538,2282,111,140,15004,808,68,21731,4794,3412,25.5,3561.5,377,582.5,8638,5301,57.33333333,83689,1324,65.5,454,3213,3249.5,1035.75,337,104,1736.75,3508,4431,1126,219,933,5891,3124,2435.5,5546
92112.75,6828.803922,765,44.17857143,11664.26667,7023.969314,5048.428571,2145.428571,184.3333333,1308,10588,29391.5,162,1870,41381,252933,233,745,1082,29,262.5,7291,5788,11,84898,55056,214062,1332,37,128478,1302,870.5,1376,40052,10488,129.5,1859.5,1605,7019,2271,3946,6487,50985,28575.33333,10508.5,429,32974,3923,6421,2076.333333,398,740.5,129.5,464157,7622,1254,248,186,3847,179,548.25,77.66666667,1028.666667,28105,3607.5,1310,1095.5,28594.5,69786,40011,5,267917,35905,34169,1212,20642,27,135155,63,43.5,153,13182,674,42,23972,5070,3338.5,18,3008.25,250,502.5,8577,7601.333333,61.33333333,114962,1539.5,54.5,346,2849,4120.5,821.75,392,69,153,314,2169,596,144,869,4903,2316,3700.666667,7210
89108,6052.333333,590.2272727,41.64912281,11226.76667,7050.20434,9723.571429,1350.142857,81,1350,9513.5,40990.5,202,1081,39854,217589,183,812,1208.5,360,259,6311,5563.5,17,96789,42206,194150,1707,29,132992,1064,745.5,1048,36096.5,16995,79.5,1632,1800,11414,1527,1681,5397,36716,22576.66667,8203,392,29785,6916,3499,2083,135,537,102,369924,7581,1251.5,229,188,3874,205,439,85.33333333,843.3333333,22410,3316.5,1188,957.5,25159.5,44472,55754,103.5,248910,34576,39597,297,19502,109,224356,71.5,97,148,10629,429,34,23176,6509,4293.5,33,2876.25,213.25,393,7453,3678.333333,47,119856,1143.5,61,274.5,3558,3914.5,792.5,350,97,393.5,739,2670,1015,139,776,3667,2652,1457.666667,4114
105312.5,6857.230769,382.3913043,38.94736842,10986.81967,6861.283422,427.2857143,1881,232.3333333,1106,7291.5,22485.5,173,731,43599,227172,112.3333333,784,1206.5,345,123,5710,4699,16,120833,56640,183742,1664,17,119439,1000,690.5,1112,37676,17616,61.5,1601,1866,12952,2165,1566,3831,68601,24734.66667,7947,546,40322,719,3333,3137,143,621.5,54.5,408943,3266,1417,221,219,4244,259,447,63,734.6666667,32822.5,2356,4785.5,1069.5,33319.5,67530,49178,0.5,235290,32594,37159,1169,23209,232,100590,61.5,156.5,180,12998,452,28,21422,6059,6800,14.5,2956,190,272.5,5492,9158.333333,43,108245,715,97.5,226.5,2978,3166,756,405,65,572.75,899,1701,653,183,836,2745,1863,1966.333333,1935
96814.5,5986.730769,482.6521739,37.62903226,11160.11475,6756.373665,8.142857143,1747.285714,137.6666667,991,6169,36521.5,167.5,638,36759,220851,149,580,1084.5,783,123.5,7658,4517,24,73846,25530,217198,1959,31,135238,1011,594.5,1361.5,35625.5,7873,83,1734.5,1914,10541,1706,1660,3321.5,49974,20279.33333,6166,614,25852,7264,3517,3605.333333,127,515.5,58,456045,3625,1376,330,266,4548,270,655.25,18.33333333,666.6666667,27255.5,1232,3043,706,25934.5,79218,49438,22.5,221158,31712,31447,631,28126,311,207503,68,189.5,218,15559,510,55,19902,8340,4307,20.5,3084.25,98,375.5,6354,9817.333333,39.33333333,125458,1295,118,206.5,3326,2222.5,917.5,305,87,331.25,1573,1525,919,221,547,2667,1069,1948.166667,1754
57631.5,6080.903846,442,32.4516129,10327.36066,6079.935829,1134.333333,1651.285714,213.6666667,1104,5591.5,25967.5,178.5,1200,39803,201711,94.66666667,994,943,501,161.5,8690,4276,29,79107,21734,189100,2178,44,122140,1007,525.5,1422,36828.5,8618,78,1400,1647,14620,1579,2033,2237.5,57443,10641.33333,8474,519,22655,7208,3238,4823.666667,133,522,77.5,420746,6353,1507.5,287,302,4332,284,524.25,18.33333333,593,19543,1906,3819,586,25034,116178,38100,0.5,224055,30362,39104,261,28990,577,118173,68.5,101,210,14438,587,62,19634,9965,4267.5,18.5,3315.75,202.5,392,6251,8016.333333,38.33333333,101970,659.5,96,106.5,3389,2048,903,340,53,427.5,1477,1329,917,303,333,2311,1000,1646,1658
74310.75,7099.1,409.3478261,7.433333333,11303.44262,5889.346939,168.1428571,1811.142857,250.6666667,1395,4360.5,30850,173,1573,45711,217760,81.66666667,810,1266,964,229,8946,3624,45,101860,22621,183586,1892,36,112032,1186,428.5,1252.5,40005.5,10859,74,1580.5,1472,3479,1931,1127,2216,50977,8028.666667,7468.5,490,28755,8760,3575,5892.666667,105,597,103.5,454791,5818,1771,330,350,4254,233,673.6666667,15.33333333,730,29005,1881.5,3633.5,644,28450,118478,93107,207.5,222781,27086,40247,120,26637,742,133282,88.5,48,177,14085,610,56,19427,7492,4135,19,3202.25,143.75,417,7655,13053.5,46.33333333,116186,1268.5,105,86.5,3416,2448,1006.25,325,48,176,1580,1696,1157,187,221,2209,949,1821.833333,1605
184895,5942.22807,463.25,9.366666667,10375.09677,6061.522282,2571.5,3033.5,405,1413,7433,21462,181,300,53337,215969,97.33333333,364,1314,606,308,8039,3705.5,21,66264,9850,229572,743,47,98344,1096.5,530,617,45218.5,7032,60,1665,1478,1026,1306,200,3050,52767,2518.5,7608,336,29954,6627,1225,5340.5,156,592.5,73.5,438674,9806,1492.5,536,397,4350,408,16360.25,12,352,15582.5,2132,1687.5,1434,23448.5,110927,130853,1,244771,25140,49571,313,32390,843,168991,106,160,214,8792,617,59,19139,5157,7937,18,3307.5,23.5,376.5,8074,48065.75,35.66666667,114905,503.5,72,46.5,3427,2235,883.5,325,28,138.25,55,1807,422,266,108,1587,759,4941.4,1318
155304.5,6733.071429,466.9230769,6.442622951,11249.67797,7187.003527,3319,3159.25,30.5,1387,8689,35473.5,527,996,57298,222235,104,410,1292.5,698,279.5,7982,2734,23,80151,525,227072,615,43,101232,1316,559,653.5,45967,10658,67.5,1250.5,1525,2792,2636,280,3412.5,46527,4169,11313,458,31124,4346,1225,13164.5,156,578,116.5,623438,5701,1305,598,444,4150,631,9237.75,13.66666667,251.5,27636.5,1541.5,4041,1580,23136.5,66753,121514,118,301385,19067,44942,94,36615,668,176229,171,144,196,6010,595,67,19547,7193,7477,32,2944.75,62,338.5,7748,29766.83333,27,113236,1228,47,33,3296,2961.5,977.75,341,41,95,63.5,2907,1370,258,76,2124,870,4253.166667,1830
163304.5,6982.309091,404.1923077,15.08196721,10585.43103,7094.905759,3511.5,3767.25,10,1481,9758,28716,429,1714,68348,215134,158.3333333,469,1189,775,283.5,4764,2657,32,86977,5324,224460,565,41,107334,1393,593,636,41604.5,7751,76.5,1137,1527,2488,931.5,272,3267.5,68110,2272,5317,447,24538,3100,1755,11099,135,616.5,151.5,578751,1903,1137.5,729,503,4014,761,10186,17.33333333,275,24692,1554.5,4548.5,895.5,26561.5,71502,97734,43,325815,15075,35786,272,37605,633,106779,133,51,146,6763,824,71,19599,6742,7346,20,3627.5,49.75,298,7384,44048.2,33.33333333,96950,286.5,118.5,63,3148,2589,1012.25,398,30,126.25,211.5,2771,1386,186,44,2394,1038,7519,1800
240682,6305.603448,659.4615385,9.229508197,8441.772727,6933.946037,4035,2794.2,6,1317,8597,28817,61,1493,68268,154860,99.66666667,396,965,830,191,2262,2194.5,35,93483,4134,167580,469,62,104838,1350.5,690,472,29898.5,8877,79,1042,1414,6019,1390.5,272,4139.5,69802,2333.5,9003.5,317,40069,8909,1853,10883.5,160,663.5,153,440707,1853,978,472,554,3348,731,6179.25,18.33333333,266,24588,1421,5075.5,1185.5,21419,66569,104413,10,309491,13357,41012,1095,43050,659,308244,76,16,156,3120.5,526,60,17844,5057,6967,7,3221,6.5,467.5,6206,46237.4,39,81215,816,121.5,80.5,2726,2578,844,343,40,120.75,311.5,2238,464,122,43,2740,686,3900.6,1277
242968,6379.140351,723.7692308,10.16393443,7739.676923,6732.609635,2439,3231.25,,1278,8456,29083.5,226.5,1503,67138,127785,118.6666667,402,937,696,281,2344,1897,45,91684,5895,174032,778,63,93519,1234.5,646.5,467,31854,10967,77,1174.5,1443,10512,1266,254,4894,40485,2540,22421,302,25013,5922,2068,10971,121,679,75.5,385022,4525,1268.5,386,534,3016,604,8903.75,16.33333333,176,25162,2222,5337.5,1273,23321.5,51867,104093,408,325483,10142,47076,1837,47429,563,140426,99,4,189,3510,625,51,16075,4544,5962,17,3294.5,3.333333333,409,7160,53314,43.66666667,113735,1178,93.5,44.5,2871,1795,717,428,49,216.25,81.5,1869,1116,124,48,1980,561,5419.6,1361
214275,6535.909091,423.7916667,7.192307692,6971.111111,7144.981197,1544.5,3116.25,3,1298,8623,28818.5,194,1527,66694,135057,115.3333333,342,796,616,377.5,1526,1579,110,79532,5630,200163,846,49,96881,1456.5,610,652.5,34688,12861,75,960,1617,17286,1345,442,4093,56995,5306,11490,252,10943,2477,829,9102.5,117,552.5,68.5,539471,5400,1070.5,545,489,2826,654,8602.5,13,312.5,25566.5,2004,2211,2975,21901.5,51478,36807,98,317544,10725,31364,1538,48102,504,275669,58,16,213,1988,460,29,15987,3046,6424,4,4111.5,7.5,308,6447,45240,20,131601,452,48.5,33.5,2156,1754,751.75,349,45,441.25,74.5,1641,417,96,81,1701,491,4498.8,1194
276695.5,6091.508475,332.0833333,15.09836066,6117.69697,7049.773356,1260.5,2788.5,2,1113,9034,44718,418,1290,72318,153816,82.66666667,325.5,1022,514,421,1461,1472,130,62608,5638,168790,760,88,95743,1419.5,675.5,704,36717.5,9752,51,1028,1485,8645,1227,528,2737,46055,2480,6916,198,30808,6157,583,7991.5,112,447,61,618845,5015,1222,342,512,2611,690,12886.75,12.66666667,183,19268.5,1975,4539,1425.5,29234.5,1374,38352,356,321468,10962,23738,374,51796,498,59077,78,14,182,782,485,19,15278,2582,6194,4.5,3641.75,2.666666667,310.5,6370,34228.2,40.66666667,130318,156,86,41.5,2171,1317,655.75,302,39,166,73,1365,1424,107,75,1162,398,4116.6,1351
