year_month,Series ID_x,CPI,Series ID_y,PPI
1935/01,CUUR0000SEFG,6.2,,
1935/02,CUUR0000SEFG,6.2,,
1935/03,CUUR0000SEFG,6.1,,
1935/04,CUUR0000SEFG,6.1,,
1935/05,CUUR0000SEFG,6.1,,
1935/06,CUUR0000SEFG,6.1,,
1935/07,CUUR0000SEFG,6.1,,
1935/08,CUUR0000SEFG,6.1,,
1935/09,CUUR0000SEFG,6.3,,
1935/10,CUUR0000SEFG,6.3,,
1935/11,CUUR0000SEFG,6.2,,
1935/12,CUUR0000SEFG,6.3,,
1936/01,CUUR0000SEFG,6.3,,
1936/02,CUUR0000SEFG,6.3,,
1936/03,CUUR0000SEFG,6.2,,
1936/04,CUUR0000SEFG,6.2,,
1936/05,CUUR0000SEFG,6.2,,
1936/06,CUUR0000SEFG,6.2,,
1936/07,CUUR0000SEFG,6.2,,
1936/08,CUUR0000SEFG,6.2,,
1936/09,CUUR0000SEFG,6.2,,
1936/10,CUUR0000SEFG,6.2,,
1936/11,CUUR0000SEFG,6.1,,
1936/12,CUUR0000SEFG,6.1,,
1937/01,CUUR0000SEFG,6.1,,
1937/02,CUUR0000SEFG,6.1,,
1937/03,CUUR0000SEFG,6.1,,
1937/04,CUUR0000SEFG,6.1,,
1937/05,CUUR0000SEFG,6.1,,
1937/06,CUUR0000SEFG,6.2,,
1937/07,CUUR0000SEFG,6.3,,
1937/08,CUUR0000SEFG,6.4,,
1937/09,CUUR0000SEFG,6.5,,
1937/10,CUUR0000SEFG,6.6,,
1937/11,CUUR0000SEFG,6.7,,
1937/12,CUUR0000SEFG,6.7,,
1938/01,CUUR0000SEFG,6.8,,
1938/02,CUUR0000SEFG,6.8,,
1938/03,CUUR0000SEFG,6.7,,
1938/04,CUUR0000SEFG,6.4,,
1938/05,CUUR0000SEFG,6.0,,
1938/06,CUUR0000SEFG,6.1,,
1938/07,CUUR0000SEFG,6.2,,
1938/08,CUUR0000SEFG,6.2,,
1938/09,CUUR0000SEFG,6.3,,
1938/10,CUUR0000SEFG,6.3,,
1938/11,CUUR0000SEFG,6.2,,
1938/12,CUUR0000SEFG,6.3,,
1939/01,CUUR0000SEFG,6.4,,
1939/02,CUUR0000SEFG,6.4,,
1939/03,CUUR0000SEFG,6.4,,
1939/04,CUUR0000SEFG,6.3,,
1939/05,CUUR0000SEFG,6.0,,
1939/06,CUUR0000SEFG,6.1,,
1939/07,CUUR0000SEFG,6.0,,
1939/08,CUUR0000SEFG,6.3,,
1939/09,CUUR0000SEFG,6.4,,
1939/10,CUUR0000SEFG,6.5,,
1939/11,CUUR0000SEFG,6.6,,
1939/12,CUUR0000SEFG,6.6,,
1940/01,CUUR0000SEFG,6.9,,
1940/02,CUUR0000SEFG,6.8,,
1940/03,CUUR0000SEFG,6.9,,
1940/04,CUUR0000SEFG,7.2,,
1940/05,CUUR0000SEFG,6.9,,
1940/06,CUUR0000SEFG,6.9,,
1940/07,CUUR0000SEFG,6.8,,
1940/08,CUUR0000SEFG,6.9,,
1940/09,CUUR0000SEFG,7.0,,
1940/10,CUUR0000SEFG,7.0,,
1940/11,CUUR0000SEFG,7.0,,
1940/12,CUUR0000SEFG,7.2,,
1941/01,CUUR0000SEFG,7.4,,
1941/02,CUUR0000SEFG,7.4,,
1941/03,CUUR0000SEFG,7.5,,
1941/04,CUUR0000SEFG,7.6,,
1941/05,CUUR0000SEFG,7.4,,
1941/06,CUUR0000SEFG,7.4,,
1941/07,CUUR0000SEFG,7.6,,
1941/08,CUUR0000SEFG,7.9,,
1941/09,CUUR0000SEFG,8.2,,
1941/10,CUUR0000SEFG,8.2,,
1941/11,CUUR0000SEFG,8.5,,
1941/12,CUUR0000SEFG,8.7,,
1942/01,CUUR0000SEFG,9.1,,
1942/02,CUUR0000SEFG,9.9,,
1942/03,CUUR0000SEFG,10.0,,
1942/04,CUUR0000SEFG,9.9,,
1942/05,CUUR0000SEFG,9.5,,
1942/06,CUUR0000SEFG,9.9,,
1942/07,CUUR0000SEFG,10.1,,
1942/08,CUUR0000SEFG,10.3,,
1942/09,CUUR0000SEFG,10.6,,
1942/10,CUUR0000SEFG,10.9,,
1942/11,CUUR0000SEFG,11.2,,
1942/12,CUUR0000SEFG,11.5,,
1943/01,CUUR0000SEFG,11.8,,
1943/02,CUUR0000SEFG,12.1,,
1943/03,CUUR0000SEFG,12.8,,
1943/04,CUUR0000SEFG,13.0,,
1943/05,CUUR0000SEFG,12.6,,
1943/06,CUUR0000SEFG,12.6,,
1943/07,CUUR0000SEFG,13.1,,
1943/08,CUUR0000SEFG,12.7,,
1943/09,CUUR0000SEFG,13.1,,
1943/10,CUUR0000SEFG,13.6,,
1943/11,CUUR0000SEFG,14.0,,
1943/12,CUUR0000SEFG,14.1,,
1944/01,CUUR0000SEFG,14.0,,
1944/02,CUUR0000SEFG,13.6,,
1944/03,CUUR0000SEFG,13.8,,
1944/04,CUUR0000SEFG,13.2,,
1944/05,CUUR0000SEFG,12.6,,
1944/06,CUUR0000SEFG,12.3,,
1944/07,CUUR0000SEFG,12.4,,
1944/08,CUUR0000SEFG,12.4,,
1944/09,CUUR0000SEFG,12.6,,
1944/10,CUUR0000SEFG,12.9,,
1944/11,CUUR0000SEFG,13.2,,
1944/12,CUUR0000SEFG,13.2,,
1945/01,CUUR0000SEFG,13.2,,
1945/02,CUUR0000SEFG,13.5,,
1945/03,CUUR0000SEFG,13.5,,
1945/04,CUUR0000SEFG,13.3,,
1945/05,CUUR0000SEFG,13.7,,
1945/06,CUUR0000SEFG,13.5,,
1945/07,CUUR0000SEFG,13.6,,
1945/08,CUUR0000SEFG,13.7,,
1945/09,CUUR0000SEFG,13.8,,
1945/10,CUUR0000SEFG,13.9,,
1945/11,CUUR0000SEFG,13.9,,
1945/12,CUUR0000SEFG,13.9,,
1946/01,CUUR0000SEFG,14.3,,
1946/02,CUUR0000SEFG,14.3,,
1946/03,CUUR0000SEFG,14.3,,
1946/04,CUUR0000SEFG,13.9,,
1946/05,CUUR0000SEFG,13.7,,
1946/06,CUUR0000SEFG,13.8,,
1946/07,CUUR0000SEFG,14.8,,
1946/08,CUUR0000SEFG,14.9,,
1946/09,CUUR0000SEFG,14.9,,
1946/10,CUUR0000SEFG,15.7,,
1946/11,CUUR0000SEFG,16.6,,
1946/12,CUUR0000SEFG,16.8,,
1947/01,CUUR0000SEFG,17.0,,
1947/02,CUUR0000SEFG,16.2,,
1947/03,CUUR0000SEFG,16.7,,
1947/04,CUUR0000SEFG,16.4,,
1947/05,CUUR0000SEFG,16.0,,
1947/06,CUUR0000SEFG,16.0,,
1947/07,CUUR0000SEFG,16.3,,
1947/08,CUUR0000SEFG,16.5,,
1947/09,CUUR0000SEFG,17.3,,
1947/10,CUUR0000SEFG,18.0,,
1947/11,CUUR0000SEFG,19.0,,
1947/12,CUUR0000SEFG,19.0,,
1948/01,CUUR0000SEFG,19.5,,
1948/02,CUUR0000SEFG,19.8,,
1948/03,CUUR0000SEFG,19.7,,
1948/04,CUUR0000SEFG,19.3,,
1948/05,CUUR0000SEFG,19.2,,
1948/06,CUUR0000SEFG,18.8,,
1948/07,CUUR0000SEFG,18.9,,
1948/08,CUUR0000SEFG,19.1,,
1948/09,CUUR0000SEFG,19.8,,
1948/10,CUUR0000SEFG,20.5,,
1948/11,CUUR0000SEFG,20.6,,
1948/12,CUUR0000SEFG,20.6,,
1949/01,CUUR0000SEFG,20.9,,
1949/02,CUUR0000SEFG,20.6,,
1949/03,CUUR0000SEFG,20.5,,
1949/04,CUUR0000SEFG,20.2,,
1949/05,CUUR0000SEFG,19.8,,
1949/06,CUUR0000SEFG,19.6,,
1949/07,CUUR0000SEFG,19.3,,
1949/08,CUUR0000SEFG,19.4,,
1949/09,CUUR0000SEFG,19.6,,
1949/10,CUUR0000SEFG,19.3,,
1949/11,CUUR0000SEFG,18.9,,
1949/12,CUUR0000SEFG,18.8,,
1950/01,CUUR0000SEFG,18.9,,
1950/02,CUUR0000SEFG,18.5,,
1950/03,CUUR0000SEFG,18.9,,
1950/04,CUUR0000SEFG,18.7,,
1950/05,CUUR0000SEFG,18.4,,
1950/06,CUUR0000SEFG,18.6,,
1950/07,CUUR0000SEFG,18.7,,
1950/08,CUUR0000SEFG,19.0,,
1950/09,CUUR0000SEFG,19.6,,
1950/10,CUUR0000SEFG,20.6,,
1950/11,CUUR0000SEFG,21.1,,
1950/12,CUUR0000SEFG,21.4,,
1951/01,CUUR0000SEFG,21.7,,
1951/02,CUUR0000SEFG,21.8,,
1951/03,CUUR0000SEFG,22.1,,
1951/04,CUUR0000SEFG,22.1,,
1951/05,CUUR0000SEFG,22.2,,
1951/06,CUUR0000SEFG,22.4,,
1951/07,CUUR0000SEFG,22.2,,
1951/08,CUUR0000SEFG,22.4,,
1951/09,CUUR0000SEFG,22.2,,
1951/10,CUUR0000SEFG,22.2,,
1951/11,CUUR0000SEFG,22.1,,
1951/12,CUUR0000SEFG,22.1,,
1952/01,CUUR0000SEFG,22.1,,
1952/02,CUUR0000SEFG,22.1,,
1952/03,CUUR0000SEFG,21.8,,
1952/04,CUUR0000SEFG,21.8,,
1952/05,CUUR0000SEFG,21.7,,
1952/06,CUUR0000SEFG,21.6,,
1952/07,CUUR0000SEFG,21.5,,
1952/08,CUUR0000SEFG,21.3,,
1952/09,CUUR0000SEFG,21.3,,
1952/10,CUUR0000SEFG,21.2,,
1952/11,CUUR0000SEFG,21.1,,
1952/12,CUUR0000SEFG,21.0,,
1953/01,CUUR0000SEFG,21.0,,
1953/02,CUUR0000SEFG,20.8,,
1953/03,CUUR0000SEFG,20.8,,
1953/04,CUUR0000SEFG,20.8,,
1953/05,CUUR0000SEFG,20.8,,
1953/06,CUUR0000SEFG,20.7,,
1953/07,CUUR0000SEFG,20.7,,
1953/08,CUUR0000SEFG,20.7,,
1953/09,CUUR0000SEFG,20.7,,
1953/10,CUUR0000SEFG,20.7,,
1953/11,CUUR0000SEFG,20.7,,
1953/12,CUUR0000SEFG,20.6,,
1954/01,CUUR0000SEFG,20.7,,
1954/02,CUUR0000SEFG,20.8,,
1954/03,CUUR0000SEFG,20.9,,
1954/04,CUUR0000SEFG,20.9,,
1954/05,CUUR0000SEFG,21.0,,
1954/06,CUUR0000SEFG,21.0,,
1954/07,CUUR0000SEFG,21.0,,
1954/08,CUUR0000SEFG,20.9,,
1954/09,CUUR0000SEFG,20.8,,
1954/10,CUUR0000SEFG,20.9,,
1954/11,CUUR0000SEFG,20.6,,
1954/12,CUUR0000SEFG,20.6,,
1955/01,CUUR0000SEFG,20.6,,
1955/02,CUUR0000SEFG,20.5,,
1955/03,CUUR0000SEFG,20.4,,
1955/04,CUUR0000SEFG,20.4,,
1955/05,CUUR0000SEFG,20.4,,
1955/06,CUUR0000SEFG,20.3,,
1955/07,CUUR0000SEFG,20.3,,
1955/08,CUUR0000SEFG,20.3,,
1955/09,CUUR0000SEFG,20.3,,
1955/10,CUUR0000SEFG,20.4,,
1955/11,CUUR0000SEFG,20.4,,
1955/12,CUUR0000SEFG,20.5,,
1956/01,CUUR0000SEFG,20.6,,
1956/02,CUUR0000SEFG,20.5,,
1956/03,CUUR0000SEFG,20.5,,
1956/04,CUUR0000SEFG,20.4,,
1956/05,CUUR0000SEFG,20.4,,
1956/06,CUUR0000SEFG,20.3,,
1956/07,CUUR0000SEFG,20.2,,
1956/08,CUUR0000SEFG,20.3,,
1956/09,CUUR0000SEFG,20.3,,
1956/10,CUUR0000SEFG,20.3,,
1956/11,CUUR0000SEFG,20.3,,
1956/12,CUUR0000SEFG,20.5,,
1957/01,CUUR0000SEFG,20.6,,
1957/02,CUUR0000SEFG,20.6,,
1957/03,CUUR0000SEFG,20.4,,
1957/04,CUUR0000SEFG,20.5,,
1957/05,CUUR0000SEFG,20.6,,
1957/06,CUUR0000SEFG,20.5,,
1957/07,CUUR0000SEFG,20.6,,
1957/08,CUUR0000SEFG,20.7,,
1957/09,CUUR0000SEFG,20.7,,
1957/10,CUUR0000SEFG,20.8,,
1957/11,CUUR0000SEFG,21.0,,
1957/12,CUUR0000SEFG,21.1,,
1958/01,CUUR0000SEFG,21.4,,
1958/02,CUUR0000SEFG,21.7,,
1958/03,CUUR0000SEFG,22.0,,
1958/04,CUUR0000SEFG,22.1,,
1958/05,CUUR0000SEFG,22.1,,
1958/06,CUUR0000SEFG,22.0,,
1958/07,CUUR0000SEFG,22.1,,
1958/08,CUUR0000SEFG,22.1,,
1958/09,CUUR0000SEFG,22.2,,
1958/10,CUUR0000SEFG,22.4,,
1958/11,CUUR0000SEFG,22.5,,
1958/12,CUUR0000SEFG,22.5,,
1959/01,CUUR0000SEFG,22.8,,
1959/02,CUUR0000SEFG,22.7,,
1959/03,CUUR0000SEFG,22.7,,
1959/04,CUUR0000SEFG,22.7,,
1959/05,CUUR0000SEFG,22.5,,
1959/06,CUUR0000SEFG,22.5,,
1959/07,CUUR0000SEFG,22.5,,
1959/08,CUUR0000SEFG,22.4,,
1959/09,CUUR0000SEFG,22.3,,
1959/10,CUUR0000SEFG,22.2,,
1959/11,CUUR0000SEFG,22.3,,
1959/12,CUUR0000SEFG,22.4,,
1960/01,CUUR0000SEFG,22.5,,
1960/02,CUUR0000SEFG,22.4,,
1960/03,CUUR0000SEFG,22.4,,
1960/04,CUUR0000SEFG,22.4,,
1960/05,CUUR0000SEFG,22.5,,
1960/06,CUUR0000SEFG,22.5,,
1960/07,CUUR0000SEFG,22.5,,
1960/08,CUUR0000SEFG,22.4,,
1960/09,CUUR0000SEFG,22.5,,
1960/10,CUUR0000SEFG,22.5,,
1960/11,CUUR0000SEFG,22.7,,
1960/12,CUUR0000SEFG,22.7,,
1961/01,CUUR0000SEFG,22.8,,
1961/02,CUUR0000SEFG,22.9,,
1961/03,CUUR0000SEFG,22.8,,
1961/04,CUUR0000SEFG,22.9,,
1961/05,CUUR0000SEFG,22.9,,
1961/06,CUUR0000SEFG,22.8,,
1961/07,CUUR0000SEFG,22.9,,
1961/08,CUUR0000SEFG,22.9,,
1961/09,CUUR0000SEFG,23.0,,
1961/10,CUUR0000SEFG,23.2,,
1961/11,CUUR0000SEFG,23.3,,
1961/12,CUUR0000SEFG,23.5,,
1962/01,CUUR0000SEFG,23.6,,
1962/02,CUUR0000SEFG,23.8,,
1962/03,CUUR0000SEFG,23.8,,
1962/04,CUUR0000SEFG,24.0,,
1962/05,CUUR0000SEFG,24.0,,
1962/06,CUUR0000SEFG,24.1,,
1962/07,CUUR0000SEFG,24.1,,
1962/08,CUUR0000SEFG,24.1,,
1962/09,CUUR0000SEFG,24.1,,
1962/10,CUUR0000SEFG,24.1,,
1962/11,CUUR0000SEFG,24.0,,
1962/12,CUUR0000SEFG,24.0,,
1963/01,CUUR0000SEFG,24.1,,
1963/02,CUUR0000SEFG,24.1,,
1963/03,CUUR0000SEFG,24.0,,
1963/04,CUUR0000SEFG,24.0,,
1963/05,CUUR0000SEFG,24.2,,
1963/06,CUUR0000SEFG,24.0,,
1963/07,CUUR0000SEFG,23.9,,
1963/08,CUUR0000SEFG,23.7,,
1963/09,CUUR0000SEFG,23.8,,
1963/10,CUUR0000SEFG,23.7,,
1963/11,CUUR0000SEFG,23.8,,
1963/12,CUUR0000SEFG,23.9,,
1964/01,CUUR0000SEFG,23.7,,
1964/02,CUUR0000SEFG,23.6,,
1964/03,CUUR0000SEFG,23.3,,
1964/04,CUUR0000SEFG,23.3,,
1964/05,CUUR0000SEFG,23.3,,
1964/06,CUUR0000SEFG,23.2,,
1964/07,CUUR0000SEFG,23.2,,
1964/08,CUUR0000SEFG,23.2,,
1964/09,CUUR0000SEFG,23.2,,
1964/10,CUUR0000SEFG,23.3,,
1964/11,CUUR0000SEFG,23.5,,
1964/12,CUUR0000SEFG,23.6,,
1965/01,CUUR0000SEFG,23.8,,
1965/02,CUUR0000SEFG,24.0,,
1965/03,CUUR0000SEFG,23.9,,
1965/04,CUUR0000SEFG,24.0,,
1965/05,CUUR0000SEFG,24.0,,
1965/06,CUUR0000SEFG,24.0,,
1965/07,CUUR0000SEFG,24.1,,
1965/08,CUUR0000SEFG,24.2,,
1965/09,CUUR0000SEFG,24.1,,
1965/10,CUUR0000SEFG,24.2,,
1965/11,CUUR0000SEFG,24.2,,
1965/12,CUUR0000SEFG,24.2,,
1966/01,CUUR0000SEFG,24.4,,
1966/02,CUUR0000SEFG,24.6,,
1966/03,CUUR0000SEFG,25.0,,
1966/04,CUUR0000SEFG,25.2,,
1966/05,CUUR0000SEFG,25.7,,
1966/06,CUUR0000SEFG,25.7,,
1966/07,CUUR0000SEFG,25.8,,
1966/08,CUUR0000SEFG,26.0,,
1966/09,CUUR0000SEFG,26.2,,
1966/10,CUUR0000SEFG,26.1,,
1966/11,CUUR0000SEFG,26.3,,
1966/12,CUUR0000SEFG,26.5,,
1967/01,CUUR0000SEFG,26.8,,
1967/02,CUUR0000SEFG,26.5,,
1967/03,CUUR0000SEFG,26.7,,
1967/04,CUUR0000SEFG,26.7,,
1967/05,CUUR0000SEFG,26.6,,
1967/06,CUUR0000SEFG,26.3,,
1967/07,CUUR0000SEFG,26.4,,
1967/08,CUUR0000SEFG,26.4,,
1967/09,CUUR0000SEFG,26.4,,
1967/10,CUUR0000SEFG,26.3,,
1967/11,CUUR0000SEFG,26.3,,
1967/12,CUUR0000SEFG,26.5,,
1968/01,CUUR0000SEFG,26.7,,
1968/02,CUUR0000SEFG,26.7,,
1968/03,CUUR0000SEFG,26.4,,
1968/04,CUUR0000SEFG,26.6,,
1968/05,CUUR0000SEFG,26.7,,
1968/06,CUUR0000SEFG,26.9,,
1968/07,CUUR0000SEFG,27.0,,
1968/08,CUUR0000SEFG,27.1,,
1968/09,CUUR0000SEFG,27.2,,
1968/10,CUUR0000SEFG,27.2,,
1968/11,CUUR0000SEFG,27.3,,
1968/12,CUUR0000SEFG,27.5,,
1969/01,CUUR0000SEFG,27.6,,
1969/02,CUUR0000SEFG,27.8,,
1969/03,CUUR0000SEFG,27.8,,
1969/04,CUUR0000SEFG,27.9,,
1969/05,CUUR0000SEFG,28.2,,
1969/06,CUUR0000SEFG,28.2,,
1969/07,CUUR0000SEFG,28.4,,
1969/08,CUUR0000SEFG,28.6,,
1969/09,CUUR0000SEFG,28.7,,
1969/10,CUUR0000SEFG,29.0,,
1969/11,CUUR0000SEFG,29.1,,
1969/12,CUUR0000SEFG,29.5,,
1970/01,CUUR0000SEFG,29.8,,
1970/02,CUUR0000SEFG,30.1,,
1970/03,CUUR0000SEFG,30.4,,
1970/04,CUUR0000SEFG,30.7,,
1970/05,CUUR0000SEFG,30.9,,
1970/06,CUUR0000SEFG,31.2,,
1970/07,CUUR0000SEFG,31.2,,
1970/08,CUUR0000SEFG,31.4,,
1970/09,CUUR0000SEFG,31.8,,
1970/10,CUUR0000SEFG,32.2,,
1970/11,CUUR0000SEFG,32.5,,
1970/12,CUUR0000SEFG,33.0,,
1971/01,CUUR0000SEFG,33.2,,
1971/02,CUUR0000SEFG,33.6,,
1971/03,CUUR0000SEFG,33.8,,
1971/04,CUUR0000SEFG,34.1,,
1971/05,CUUR0000SEFG,34.3,,
1971/06,CUUR0000SEFG,34.5,,
1971/07,CUUR0000SEFG,34.7,,
1971/08,CUUR0000SEFG,34.9,,
1971/09,CUUR0000SEFG,35.1,,
1971/10,CUUR0000SEFG,35.2,,
1971/11,CUUR0000SEFG,35.2,,
1971/12,CUUR0000SEFG,35.3,,
1972/01,CUUR0000SEFG,35.7,,
1972/02,CUUR0000SEFG,36.3,,
1972/03,CUUR0000SEFG,36.6,,
1972/04,CUUR0000SEFG,37.0,,
1972/05,CUUR0000SEFG,37.1,,
1972/06,CUUR0000SEFG,37.4,,
1972/07,CUUR0000SEFG,37.6,,
1972/08,CUUR0000SEFG,37.8,,
1972/09,CUUR0000SEFG,38.3,,
1972/10,CUUR0000SEFG,38.6,,
1972/11,CUUR0000SEFG,39.2,,
1972/12,CUUR0000SEFG,39.4,,
1973/01,CUUR0000SEFG,39.5,,
1973/02,CUUR0000SEFG,40.1,,
1973/03,CUUR0000SEFG,40.5,,
1973/04,CUUR0000SEFG,41.4,,
1973/05,CUUR0000SEFG,42.4,,
1973/06,CUUR0000SEFG,43.4,,
1973/07,CUUR0000SEFG,43.4,,
1973/08,CUUR0000SEFG,43.8,,
1973/09,CUUR0000SEFG,44.3,,
1973/10,CUUR0000SEFG,45.3,,
1973/11,CUUR0000SEFG,46.6,,
1973/12,CUUR0000SEFG,47.2,,
1974/01,CUUR0000SEFG,47.8,,
1974/02,CUUR0000SEFG,48.4,,
1974/03,CUUR0000SEFG,49.1,,
1974/04,CUUR0000SEFG,49.5,,
1974/05,CUUR0000SEFG,49.6,,
1974/06,CUUR0000SEFG,49.6,,
1974/07,CUUR0000SEFG,49.9,,
1974/08,CUUR0000SEFG,49.6,,
1974/09,CUUR0000SEFG,50.0,,
1974/10,CUUR0000SEFG,50.4,,
1974/11,CUUR0000SEFG,51.3,,
1974/12,CUUR0000SEFG,51.6,,
1975/01,CUUR0000SEFG,51.8,,
1975/02,CUUR0000SEFG,52.2,,
1975/03,CUUR0000SEFG,52.2,,
1975/04,CUUR0000SEFG,52.3,,
1975/05,CUUR0000SEFG,52.7,,
1975/06,CUUR0000SEFG,53.1,,
1975/07,CUUR0000SEFG,53.8,,
1975/08,CUUR0000SEFG,54.3,,
1975/09,CUUR0000SEFG,55.1,,
1975/10,CUUR0000SEFG,55.8,,
1975/11,CUUR0000SEFG,56.1,,
1975/12,CUUR0000SEFG,56.7,,
1976/01,CUUR0000SEFG,57.3,,
1976/02,CUUR0000SEFG,58.1,,
1976/03,CUUR0000SEFG,58.1,,
1976/04,CUUR0000SEFG,58.9,,
1976/05,CUUR0000SEFG,59.6,,
1976/06,CUUR0000SEFG,60.0,,
1976/07,CUUR0000SEFG,60.4,,
1976/08,CUUR0000SEFG,60.8,,
1976/09,CUUR0000SEFG,62.1,,
1976/10,CUUR0000SEFG,62.1,,
1976/11,CUUR0000SEFG,62.4,,
1976/12,CUUR0000SEFG,62.9,,
1977/01,CUUR0000SEFG,63.1,,
1977/02,CUUR0000SEFG,63.9,,
1977/03,CUUR0000SEFG,64.0,,
1977/04,CUUR0000SEFG,64.6,,
1977/05,CUUR0000SEFG,65.9,,
1977/06,CUUR0000SEFG,66.4,,
1977/07,CUUR0000SEFG,67.4,,
1977/08,CUUR0000SEFG,68.0,,
1977/09,CUUR0000SEFG,68.6,,
1977/10,CUUR0000SEFG,69.0,,
1977/11,CUUR0000SEFG,69.5,,
1977/12,CUUR0000SEFG,69.6,,
1978/01,CUUR0000SEFG,70.6,,
1978/02,CUUR0000SEFG,70.6,,
1978/03,CUUR0000SEFG,70.8,,
1978/04,CUUR0000SEFG,72.0,,
1978/05,CUUR0000SEFG,72.3,,
1978/06,CUUR0000SEFG,72.5,,
1978/07,CUUR0000SEFG,73.0,,
1978/08,CUUR0000SEFG,73.4,,
1978/09,CUUR0000SEFG,74.2,,
1978/10,CUUR0000SEFG,74.6,,
1978/11,CUUR0000SEFG,75.6,,
1978/12,CUUR0000SEFG,75.9,,
1979/01,CUUR0000SEFG,76.9,,
1979/02,CUUR0000SEFG,77.6,,
1979/03,CUUR0000SEFG,77.9,,
1979/04,CUUR0000SEFG,78.3,,
1979/05,CUUR0000SEFG,78.7,,
1979/06,CUUR0000SEFG,79.7,,
1979/07,CUUR0000SEFG,80.6,,
1979/08,CUUR0000SEFG,81.2,,
1979/09,CUUR0000SEFG,82.1,,
1979/10,CUUR0000SEFG,82.5,,
1979/11,CUUR0000SEFG,82.7,,
1979/12,CUUR0000SEFG,82.8,,
1980/01,CUUR0000SEFG,83.9,,
1980/02,CUUR0000SEFG,84.9,,
1980/03,CUUR0000SEFG,85.5,,
1980/04,CUUR0000SEFG,86.2,,
1980/05,CUUR0000SEFG,86.0,,
1980/06,CUUR0000SEFG,87.2,,
1980/07,CUUR0000SEFG,87.5,,
1980/08,CUUR0000SEFG,87.9,,
1980/09,CUUR0000SEFG,89.0,,
1980/10,CUUR0000SEFG,89.2,,
1980/11,CUUR0000SEFG,90.9,,
1980/12,CUUR0000SEFG,91.9,,
1981/01,CUUR0000SEFG,94.8,,
1981/02,CUUR0000SEFG,94.1,,
1981/03,CUUR0000SEFG,95.1,,
1981/04,CUUR0000SEFG,95.3,,
1981/05,CUUR0000SEFG,93.6,,
1981/06,CUUR0000SEFG,93.3,,
1981/07,CUUR0000SEFG,94.6,,
1981/08,CUUR0000SEFG,94.5,,
1981/09,CUUR0000SEFG,96.1,,
1981/10,CUUR0000SEFG,95.6,,
1981/11,CUUR0000SEFG,95.1,,
1981/12,CUUR0000SEFG,95.3,,
1982/01,CUUR0000SEFG,98.9,,
1982/02,CUUR0000SEFG,99.0,,
1982/03,CUUR0000SEFG,99.7,,
1982/04,CUUR0000SEFG,101.2,,
1982/05,CUUR0000SEFG,97.0,,
1982/06,CUUR0000SEFG,96.8,,
1982/07,CUUR0000SEFG,98.1,,
1982/08,CUUR0000SEFG,97.4,,
1982/09,CUUR0000SEFG,97.9,,
1982/10,CUUR0000SEFG,97.3,,
1982/11,CUUR0000SEFG,97.1,,
1982/12,CUUR0000SEFG,97.9,,
1983/01,CUUR0000SEFG,99.8,,
1983/02,CUUR0000SEFG,100.5,,
1983/03,CUUR0000SEFG,100.7,,
1983/04,CUUR0000SEFG,100.5,,
1983/05,CUUR0000SEFG,98.7,,
1983/06,CUUR0000SEFG,98.3,,
1983/07,CUUR0000SEFG,97.7,,
1983/08,CUUR0000SEFG,98.7,,
1983/09,CUUR0000SEFG,98.7,,
1983/10,CUUR0000SEFG,99.1,,
1983/11,CUUR0000SEFG,99.3,,
1983/12,CUUR0000SEFG,99.7,,
1984/01,CUUR0000SEFG,101.6,,
1984/02,CUUR0000SEFG,102.3,,
1984/03,CUUR0000SEFG,102.1,,
1984/04,CUUR0000SEFG,102.6,,
1984/05,CUUR0000SEFG,100.9,,
1984/06,CUUR0000SEFG,101.3,,
1984/07,CUUR0000SEFG,102.5,,
1984/08,CUUR0000SEFG,102.5,,
1984/09,CUUR0000SEFG,103.5,,
1984/10,CUUR0000SEFG,103.5,,
1984/11,CUUR0000SEFG,103.1,,
1984/12,CUUR0000SEFG,103.9,PCU3117103117105,100.0
1985/01,CUUR0000SEFG,107.6,PCU3117103117105,100.1
1985/02,CUUR0000SEFG,106.3,PCU3117103117105,99.9
1985/03,CUUR0000SEFG,106.8,PCU3117103117105,98.2
1985/04,CUUR0000SEFG,106.7,PCU3117103117105,98.2
1985/05,CUUR0000SEFG,104.9,PCU3117103117105,98.3
1985/06,CUUR0000SEFG,105.2,PCU3117103117105,98.2
1985/07,CUUR0000SEFG,106.7,PCU3117103117105,97.4
1985/08,CUUR0000SEFG,107.6,PCU3117103117105,97.7
1985/09,CUUR0000SEFG,108.3,PCU3117103117105,97.7
1985/10,CUUR0000SEFG,108.1,PCU3117103117105,97.6
1985/11,CUUR0000SEFG,111.0,PCU3117103117105,97.6
1985/12,CUUR0000SEFG,111.4,PCU3117103117105,97.1
1986/01,CUUR0000SEFG,117.6,PCU3117103117105,97.1
1986/02,CUUR0000SEFG,114.1,PCU3117103117105,97.6
1986/03,CUUR0000SEFG,115.4,PCU3117103117105,97.6
1986/04,CUUR0000SEFG,115.8,PCU3117103117105,97.9
1986/05,CUUR0000SEFG,115.8,PCU3117103117105,96.7
1986/06,CUUR0000SEFG,115.1,PCU3117103117105,96.8
1986/07,CUUR0000SEFG,118.5,PCU3117103117105,97.7
1986/08,CUUR0000SEFG,118.2,PCU3117103117105,100.7
1986/09,CUUR0000SEFG,118.5,PCU3117103117105,103.3
1986/10,CUUR0000SEFG,119.6,PCU3117103117105,103.4
1986/11,CUUR0000SEFG,119.1,PCU3117103117105,103.7
1986/12,CUUR0000SEFG,121.2,PCU3117103117105,101.4
1987/01,CUUR0000SEFG,126.6,PCU3117103117105,102.2
1987/02,CUUR0000SEFG,127.1,PCU3117103117105,102.6
1987/03,CUUR0000SEFG,129.1,PCU3117103117105,102.5
1987/04,CUUR0000SEFG,129.5,PCU3117103117105,102.3
1987/05,CUUR0000SEFG,128.9,PCU3117103117105,102.4
1987/06,CUUR0000SEFG,128.3,PCU3117103117105,103.7
1987/07,CUUR0000SEFG,129.7,PCU3117103117105,108.0
1987/08,CUUR0000SEFG,130.8,PCU3117103117105,111.9
1987/09,CUUR0000SEFG,132.0,PCU3117103117105,113.7
1987/10,CUUR0000SEFG,131.4,PCU3117103117105,115.1
1987/11,CUUR0000SEFG,132.3,PCU3117103117105,114.6
1987/12,CUUR0000SEFG,133.3,PCU3117103117105,118.5
1988/01,CUUR0000SEFG,137.2,PCU3117103117105,117.2
1988/02,CUUR0000SEFG,137.0,PCU3117103117105,116.5
1988/03,CUUR0000SEFG,136.0,PCU3117103117105,116.6
1988/04,CUUR0000SEFG,139.3,PCU3117103117105,116.8
1988/05,CUUR0000SEFG,136.1,PCU3117103117105,116.9
1988/06,CUUR0000SEFG,136.0,PCU3117103117105,116.8
1988/07,CUUR0000SEFG,138.1,PCU3117103117105,115.9
1988/08,CUUR0000SEFG,137.9,PCU3117103117105,117.8
1988/09,CUUR0000SEFG,136.0,PCU3117103117105,124.9
1988/10,CUUR0000SEFG,137.4,PCU3117103117105,127.2
1988/11,CUUR0000SEFG,138.7,PCU3117103117105,125.3
1988/12,CUUR0000SEFG,138.9,PCU3117103117105,125.8
1989/01,CUUR0000SEFG,144.0,PCU3117103117105,125.4
1989/02,CUUR0000SEFG,142.9,PCU3117103117105,125.9
1989/03,CUUR0000SEFG,144.3,PCU3117103117105,125.8
1989/04,CUUR0000SEFG,143.3,PCU3117103117105,126.2
1989/05,CUUR0000SEFG,142.3,PCU3117103117105,125.5
1989/06,CUUR0000SEFG,142.9,PCU3117103117105,125.8
1989/07,CUUR0000SEFG,142.3,PCU3117103117105,124.1
1989/08,CUUR0000SEFG,145.2,PCU3117103117105,122.3
1989/09,CUUR0000SEFG,146.9,PCU3117103117105,115.4
1989/10,CUUR0000SEFG,143.9,PCU3117103117105,115.8
1989/11,CUUR0000SEFG,142.0,PCU3117103117105,115.4
1989/12,CUUR0000SEFG,143.0,PCU3117103117105,116.7
1990/01,CUUR0000SEFG,149.0,PCU3117103117105,117.7
1990/02,CUUR0000SEFG,150.6,PCU3117103117105,118.3
1990/03,CUUR0000SEFG,148.0,PCU3117103117105,118.3
1990/04,CUUR0000SEFG,147.2,PCU3117103117105,115.2
1990/05,CUUR0000SEFG,143.8,PCU3117103117105,115.7
1990/06,CUUR0000SEFG,143.7,PCU3117103117105,115.6
1990/07,CUUR0000SEFG,143.3,PCU3117103117105,116.1
1990/08,CUUR0000SEFG,145.2,PCU3117103117105,115.4
1990/09,CUUR0000SEFG,147.4,PCU3117103117105,115.5
1990/10,CUUR0000SEFG,147.0,PCU3117103117105,113.9
1990/11,CUUR0000SEFG,147.0,PCU3117103117105,113.4
1990/12,CUUR0000SEFG,148.5,PCU3117103117105,112.3
1991/01,CUUR0000SEFG,151.1,PCU3117103117105,112.7
1991/02,CUUR0000SEFG,148.7,PCU3117103117105,114.8
1991/03,CUUR0000SEFG,149.6,PCU3117103117105,114.5
1991/04,CUUR0000SEFG,148.2,PCU3117103117105,113.9
1991/05,CUUR0000SEFG,147.0,PCU3117103117105,113.0
1991/06,CUUR0000SEFG,146.7,PCU3117103117105,111.5
1991/07,CUUR0000SEFG,146.1,PCU3117103117105,111.7
1991/08,CUUR0000SEFG,145.2,PCU3117103117105,111.0
1991/09,CUUR0000SEFG,147.8,PCU3117103117105,111.1
1991/10,CUUR0000SEFG,149.4,PCU3117103117105,111.2
1991/11,CUUR0000SEFG,149.5,PCU3117103117105,109.5
1991/12,CUUR0000SEFG,150.4,PCU3117103117105,109.3
1992/01,CUUR0000SEFG,154.6,PCU3117103117105,110.7
1992/02,CUUR0000SEFG,151.0,PCU3117103117105,111.2
1992/03,CUUR0000SEFG,152.6,PCU3117103117105,111.1
1992/04,CUUR0000SEFG,153.5,PCU3117103117105,111.5
1992/05,CUUR0000SEFG,151.6,PCU3117103117105,112.3
1992/06,CUUR0000SEFG,149.1,PCU3117103117105,112.7
1992/07,CUUR0000SEFG,150.4,PCU3117103117105,113.2
1992/08,CUUR0000SEFG,151.6,PCU3117103117105,114.9
1992/09,CUUR0000SEFG,151.2,PCU3117103117105,118.4
1992/10,CUUR0000SEFG,151.4,PCU3117103117105,117.1
1992/11,CUUR0000SEFG,151.2,PCU3117103117105,116.4
1992/12,CUUR0000SEFG,152.0,PCU3117103117105,114.5
1993/01,CUUR0000SEFG,157.2,PCU3117103117105,115.7
1993/02,CUUR0000SEFG,157.5,PCU3117103117105,115.5
1993/03,CUUR0000SEFG,157.8,PCU3117103117105,115.6
1993/04,CUUR0000SEFG,159.7,PCU3117103117105,116.2
1993/05,CUUR0000SEFG,154.7,PCU3117103117105,115.8
1993/06,CUUR0000SEFG,154.8,PCU3117103117105,115.6
1993/07,CUUR0000SEFG,153.2,PCU3117103117105,114.7
1993/08,CUUR0000SEFG,154.1,PCU3117103117105,114.8
1993/09,CUUR0000SEFG,155.4,PCU3117103117105,113.3
1993/10,CUUR0000SEFG,157.4,PCU3117103117105,109.8
1993/11,CUUR0000SEFG,158.9,PCU3117103117105,109.5
1993/12,CUUR0000SEFG,158.7,PCU3117103117105,109.3
1994/01,CUUR0000SEFG,163.2,PCU3117103117105,109.5
1994/02,CUUR0000SEFG,160.9,PCU3117103117105,109.6
1994/03,CUUR0000SEFG,161.8,PCU3117103117105,109.8
1994/04,CUUR0000SEFG,163.7,PCU3117103117105,110.1
1994/05,CUUR0000SEFG,161.6,PCU3117103117105,110.7
1994/06,CUUR0000SEFG,162.6,PCU3117103117105,110.8
1994/07,CUUR0000SEFG,163.2,PCU3117103117105,110.9
1994/08,CUUR0000SEFG,163.6,PCU3117103117105,111.0
1994/09,CUUR0000SEFG,164.9,PCU3117103117105,111.7
1994/10,CUUR0000SEFG,164.8,PCU3117103117105,111.5
1994/11,CUUR0000SEFG,167.0,PCU3117103117105,113.7
1994/12,CUUR0000SEFG,166.9,PCU3117103117105,115.2
1995/01,CUUR0000SEFG,169.0,PCU3117103117105,116.2
1995/02,CUUR0000SEFG,170.4,PCU3117103117105,118.1
1995/03,CUUR0000SEFG,171.2,PCU3117103117105,118.1
1995/04,CUUR0000SEFG,171.6,PCU3117103117105,118.5
1995/05,CUUR0000SEFG,171.9,PCU3117103117105,118.2
1995/06,CUUR0000SEFG,172.1,PCU3117103117105,118.3
1995/07,CUUR0000SEFG,170.4,PCU3117103117105,118.3
1995/08,CUUR0000SEFG,170.9,PCU3117103117105,118.0
1995/09,CUUR0000SEFG,173.5,PCU3117103117105,118.0
1995/10,CUUR0000SEFG,173.3,PCU3117103117105,117.9
1995/11,CUUR0000SEFG,172.9,PCU3117103117105,115.0
1995/12,CUUR0000SEFG,172.1,PCU3117103117105,115.4
1996/01,CUUR0000SEFG,174.7,PCU3117103117105,116.2
1996/02,CUUR0000SEFG,172.1,PCU3117103117105,116.5
1996/03,CUUR0000SEFG,173.0,PCU3117103117105,115.8
1996/04,CUUR0000SEFG,172.1,PCU3117103117105,115.6
1996/05,CUUR0000SEFG,173.4,PCU3117103117105,115.6
1996/06,CUUR0000SEFG,173.7,PCU3117103117105,115.6
1996/07,CUUR0000SEFG,173.0,PCU3117103117105,115.6
1996/08,CUUR0000SEFG,170.2,PCU3117103117105,115.8
1996/09,CUUR0000SEFG,171.9,PCU3117103117105,116.1
1996/10,CUUR0000SEFG,173.5,PCU3117103117105,117.0
1996/11,CUUR0000SEFG,174.3,PCU3117103117105,117.0
1996/12,CUUR0000SEFG,175.1,PCU3117103117105,117.3
1997/01,CUUR0000SEFG,178.6,PCU3117103117105,118.1
1997/02,CUUR0000SEFG,175.3,PCU3117103117105,118.0
1997/03,CUUR0000SEFG,178.2,PCU3117103117105,117.9
1997/04,CUUR0000SEFG,176.9,PCU3117103117105,117.4
1997/05,CUUR0000SEFG,176.5,PCU3117103117105,118.4
1997/06,CUUR0000SEFG,176.6,PCU3117103117105,118.5
1997/07,CUUR0000SEFG,174.9,PCU3117103117105,118.2
1997/08,CUUR0000SEFG,177.5,PCU3117103117105,123.4
1997/09,CUUR0000SEFG,176.5,PCU3117103117105,122.5
1997/10,CUUR0000SEFG,178.4,PCU3117103117105,110.2
1997/11,CUUR0000SEFG,178.9,PCU3117103117105,110.5
1997/12,CUUR0000SEFG,177.2,PCU3117103117105,110.5
1998/01,CUUR0000SEFG,180.7,PCU3117103117105,109.4
1998/02,CUUR0000SEFG,180.9,PCU3117103117105,109.3
1998/03,CUUR0000SEFG,180.3,PCU3117103117105,109.4
1998/04,CUUR0000SEFG,181.0,PCU3117103117105,108.9
1998/05,CUUR0000SEFG,180.9,PCU3117103117105,109.7
1998/06,CUUR0000SEFG,180.5,PCU3117103117105,109.4
1998/07,CUUR0000SEFG,181.4,PCU3117103117105,110.2
1998/08,CUUR0000SEFG,183.5,PCU3117103117105,109.8
1998/09,CUUR0000SEFG,181.5,PCU3117103117105,111.2
1998/10,CUUR0000SEFG,183.1,PCU3117103117105,109.3
1998/11,CUUR0000SEFG,183.1,PCU3117103117105,108.2
1998/12,CUUR0000SEFG,183.7,PCU3117103117105,108.0
1999/01,CUUR0000SEFG,183.6,PCU3117103117105,107.3
1999/02,CUUR0000SEFG,184.3,PCU3117103117105,107.7
1999/03,CUUR0000SEFG,183.5,PCU3117103117105,106.7
1999/04,CUUR0000SEFG,185.3,PCU3117103117105,107.3
1999/05,CUUR0000SEFG,185.9,PCU3117103117105,108.6
1999/06,CUUR0000SEFG,184.6,PCU3117103117105,105.9
1999/07,CUUR0000SEFG,184.4,PCU3117103117105,105.9
1999/08,CUUR0000SEFG,185.2,PCU3117103117105,105.3
1999/09,CUUR0000SEFG,184.7,PCU3117103117105,104.5
1999/10,CUUR0000SEFG,187.3,PCU3117103117105,104.2
1999/11,CUUR0000SEFG,187.9,PCU3117103117105,105.1
1999/12,CUUR0000SEFG,186.9,PCU3117103117105,104.3
2000/01,CUUR0000SEFG,186.0,PCU3117103117105,105.5
2000/02,CUUR0000SEFG,190.0,PCU3117103117105,106.9
2000/03,CUUR0000SEFG,189.9,PCU3117103117105,107.5
2000/04,CUUR0000SEFG,189.8,PCU3117103117105,106.9
2000/05,CUUR0000SEFG,192.4,PCU3117103117105,107.1
2000/06,CUUR0000SEFG,191.9,PCU3117103117105,105.8
2000/07,CUUR0000SEFG,189.7,PCU3117103117105,105.5
2000/08,CUUR0000SEFG,190.7,PCU3117103117105,105.0
2000/09,CUUR0000SEFG,191.9,PCU3117103117105,106.5
2000/10,CUUR0000SEFG,192.8,PCU3117103117105,106.8
2000/11,CUUR0000SEFG,189.6,PCU3117103117105,107.4
2000/12,CUUR0000SEFG,189.5,PCU3117103117105,107.2
2001/01,CUUR0000SEFG,192.8,PCU3117103117105,107.2
2001/02,CUUR0000SEFG,193.0,PCU3117103117105,107.1
2001/03,CUUR0000SEFG,190.7,PCU3117103117105,106.7
2001/04,CUUR0000SEFG,192.4,PCU3117103117105,108.6
2001/05,CUUR0000SEFG,194.6,PCU3117103117105,109.9
2001/06,CUUR0000SEFG,191.5,PCU3117103117105,114.6
2001/07,CUUR0000SEFG,191.0,PCU3117103117105,116.3
2001/08,CUUR0000SEFG,189.7,PCU3117103117105,117.0
2001/09,CUUR0000SEFG,189.1,PCU3117103117105,114.4
2001/10,CUUR0000SEFG,189.5,PCU3117103117105,114.2
2001/11,CUUR0000SEFG,189.2,PCU3117103117105,113.7
2001/12,CUUR0000SEFG,189.4,PCU3117103117105,113.5
2002/01,CUUR0000SEFG,189.2,PCU3117103117105,113.1
2002/02,CUUR0000SEFG,186.0,PCU3117103117105,112.3
2002/03,CUUR0000SEFG,185.6,PCU3117103117105,112.1
2002/04,CUUR0000SEFG,189.2,PCU3117103117105,114.0
2002/05,CUUR0000SEFG,191.0,PCU3117103117105,113.5
2002/06,CUUR0000SEFG,188.1,PCU3117103117105,113.3
2002/07,CUUR0000SEFG,191.2,PCU3117103117105,113.1
2002/08,CUUR0000SEFG,187.2,PCU3117103117105,113.1
2002/09,CUUR0000SEFG,186.9,PCU3117103117105,112.5
2002/10,CUUR0000SEFG,187.4,PCU3117103117105,112.5
2002/11,CUUR0000SEFG,187.4,PCU3117103117105,112.7
2002/12,CUUR0000SEFG,187.4,PCU3117103117105,112.4
2003/01,CUUR0000SEFG,187.8,PCU3117103117105,112.1
2003/02,CUUR0000SEFG,189.4,PCU3117103117105,111.9
2003/03,CUUR0000SEFG,186.8,PCU3117103117105,111.8
2003/04,CUUR0000SEFG,187.3,PCU3117103117105,111.8
2003/05,CUUR0000SEFG,189.6,PCU3117103117105,111.8
2003/06,CUUR0000SEFG,191.2,PCU3117103117105,111.4
2003/07,CUUR0000SEFG,189.5,PCU3117103117105,111.2
2003/08,CUUR0000SEFG,191.8,PCU3117103117105,111.6
2003/09,CUUR0000SEFG,191.0,PCU3117103117105,112.1
2003/10,CUUR0000SEFG,190.5,PCU3117103117105,113.5
2003/11,CUUR0000SEFG,192.5,PCU3117103117105,114.0
2003/12,CUUR0000SEFG,192.5,PCU3117103117105,113.7
2004/01,CUUR0000SEFG,194.1,PCU3117103117105,113.4
2004/02,CUUR0000SEFG,193.2,PCU3117103117105,113.4
2004/03,CUUR0000SEFG,190.6,PCU3117103117105,114.1
2004/04,CUUR0000SEFG,192.8,PCU3117103117105,113.8
2004/05,CUUR0000SEFG,193.9,PCU3117103117105,113.4
2004/06,CUUR0000SEFG,193.4,PCU3117103117105,121.1
2004/07,CUUR0000SEFG,195.6,PCU3117103117105,119.0
2004/08,CUUR0000SEFG,194.1,PCU3117103117105,119.4
2004/09,CUUR0000SEFG,195.1,PCU3117103117105,119.1
2004/10,CUUR0000SEFG,195.8,PCU3117103117105,119.7
2004/11,CUUR0000SEFG,196.5,PCU3117103117105,120.7
2004/12,CUUR0000SEFG,196.9,PCU3117103117105,119.6
2005/01,CUUR0000SEFG,199.4,PCU3117103117105,119.2
2005/02,CUUR0000SEFG,196.9,PCU3117103117105,119.2
2005/03,CUUR0000SEFG,196.2,PCU3117103117105,119.0
2005/04,CUUR0000SEFG,199.4,PCU3117103117105,116.5
2005/05,CUUR0000SEFG,198.6,PCU3117103117105,116.5
2005/06,CUUR0000SEFG,199.5,PCU3117103117105,116.5
2005/07,CUUR0000SEFG,199.7,PCU3117103117105,116.5
2005/08,CUUR0000SEFG,200.4,PCU3117103117105,116.2
2005/09,CUUR0000SEFG,200.4,PCU3117103117105,116.2
2005/10,CUUR0000SEFG,202.0,PCU3117103117105,116.9
2005/11,CUUR0000SEFG,204.1,PCU3117103117105,117.6
2005/12,CUUR0000SEFG,204.4,PCU3117103117105,117.0
2006/01,CUUR0000SEFG,206.3,PCU3117103117105,117.2
2006/02,CUUR0000SEFG,206.1,PCU3117103117105,117.2
2006/03,CUUR0000SEFG,205.2,PCU3117103117105,117.5
2006/04,CUUR0000SEFG,206.4,PCU3117103117105,117.5
2006/05,CUUR0000SEFG,208.1,PCU3117103117105,119.4
2006/06,CUUR0000SEFG,210.2,PCU3117103117105,125.0
2006/07,CUUR0000SEFG,208.7,PCU3117103117105,123.4
2006/08,CUUR0000SEFG,212.3,PCU3117103117105,121.9
2006/09,CUUR0000SEFG,213.7,PCU3117103117105,123.5
2006/10,CUUR0000SEFG,213.7,PCU3117103117105,125.1
2006/11,CUUR0000SEFG,211.8,PCU3117103117105,126.2
2006/12,CUUR0000SEFG,211.6,PCU3117103117105,127.2
2007/01,CUUR0000SEFG,214.642,PCU3117103117105,127.1
2007/02,CUUR0000SEFG,215.407,PCU3117103117105,126.7
2007/03,CUUR0000SEFG,214.915,PCU3117103117105,126.1
2007/04,CUUR0000SEFG,218.301,PCU3117103117105,125.7
2007/05,CUUR0000SEFG,220.692,PCU3117103117105,126.2
2007/06,CUUR0000SEFG,221.255,PCU3117103117105,126.0
2007/07,CUUR0000SEFG,219.28,PCU3117103117105,126.9
2007/08,CUUR0000SEFG,219.887,PCU3117103117105,127.0
2007/09,CUUR0000SEFG,219.626,PCU3117103117105,125.1
2007/10,CUUR0000SEFG,222.125,PCU3117103117105,125.3
2007/11,CUUR0000SEFG,221.275,PCU3117103117105,125.3
2007/12,CUUR0000SEFG,221.633,PCU3117103117105,125.4
2008/01,CUUR0000SEFG,223.529,PCU3117103117105,125.4
2008/02,CUUR0000SEFG,223.682,PCU3117103117105,125.4
2008/03,CUUR0000SEFG,222.2,PCU3117103117105,125.8
2008/04,CUUR0000SEFG,228.053,PCU3117103117105,125.6
2008/05,CUUR0000SEFG,230.082,PCU3117103117105,126.0
2008/06,CUUR0000SEFG,232.428,PCU3117103117105,127.3
2008/07,CUUR0000SEFG,233.597,PCU3117103117105,128.8
2008/08,CUUR0000SEFG,236.81,PCU3117103117105,134.4
2008/09,CUUR0000SEFG,238.281,PCU3117103117105,135.5
2008/10,CUUR0000SEFG,239.933,PCU3117103117105,135.8
2008/11,CUUR0000SEFG,238.113,PCU3117103117105,136.5
2008/12,CUUR0000SEFG,238.759,PCU3117103117105,137.3
2009/01,CUUR0000SEFG,241.085,PCU3117103117105,140.1
2009/02,CUUR0000SEFG,239.616,PCU3117103117105,139.8
2009/03,CUUR0000SEFG,239.12,PCU3117103117105,144.5
2009/04,CUUR0000SEFG,240.019,PCU3117103117105,144.8
2009/05,CUUR0000SEFG,242.324,PCU3117103117105,145.3
2009/06,CUUR0000SEFG,243.359,PCU3117103117105,144.2
2009/07,CUUR0000SEFG,243.952,PCU3117103117105,144.9
2009/08,CUUR0000SEFG,242.022,PCU3117103117105,146.7
2009/09,CUUR0000SEFG,240.539,PCU3117103117105,146.4
2009/10,CUUR0000SEFG,236.884,PCU3117103117105,145.3
2009/11,CUUR0000SEFG,239.085,PCU3117103117105,145.7
2009/12,CUUR0000SEFG,238.671,PCU3117103117105,145.6
2010/01,CUUR0000SEFG,242.194,PCU3117103117105,146.0
2010/02,CUUR0000SEFG,237.881,PCU3117103117105,146.3
2010/03,CUUR0000SEFG,236.327,PCU3117103117105,146.4
2010/04,CUUR0000SEFG,240.577,PCU3117103117105,148.0
2010/05,CUUR0000SEFG,241.432,PCU3117103117105,148.1
2010/06,CUUR0000SEFG,243.969,PCU3117103117105,149.1
2010/07,CUUR0000SEFG,245.228,PCU3117103117105,149.3
2010/08,CUUR0000SEFG,243.222,PCU3117103117105,150.0
2010/09,CUUR0000SEFG,244.47,PCU3117103117105,150.5
2010/10,CUUR0000SEFG,245.581,PCU3117103117105,150.5
2010/11,CUUR0000SEFG,249.137,PCU3117103117105,150.5
2010/12,CUUR0000SEFG,248.725,PCU3117103117105,151.0
2011/01,CUUR0000SEFG,251.13,PCU3117103117105,150.8
2011/02,CUUR0000SEFG,252.814,PCU3117103117105,150.8
2011/03,CUUR0000SEFG,254.447,PCU3117103117105,151.4
2011/04,CUUR0000SEFG,256.495,PCU3117103117105,151.9
2011/05,CUUR0000SEFG,262.166,PCU3117103117105,154.9
2011/06,CUUR0000SEFG,263.994,PCU3117103117105,154.8
2011/07,CUUR0000SEFG,264.528,PCU3117103117105,155.1
2011/08,CUUR0000SEFG,263.376,PCU3117103117105,156.1
2011/09,CUUR0000SEFG,264.307,PCU3117103117105,157.3
2011/10,CUUR0000SEFG,263.1,PCU3117103117105,159.6
2011/11,CUUR0000SEFG,263.881,PCU3117103117105,168.1
2011/12,CUUR0000SEFG,265.682,PCU3117103117105,168.0
2012/01,CUUR0000SEFG,266.694,PCU3117103117105,168.7
2012/02,CUUR0000SEFG,262.899,PCU3117103117105,169.1
2012/03,CUUR0000SEFG,264.372,PCU3117103117105,168.9
2012/04,CUUR0000SEFG,268.063,PCU3117103117105,169.2
2012/05,CUUR0000SEFG,267.046,PCU3117103117105,169.6
2012/06,CUUR0000SEFG,268.247,PCU3117103117105,170.2
2012/07,CUUR0000SEFG,268.78,PCU3117103117105,171.0
2012/08,CUUR0000SEFG,266.92,PCU3117103117105,171.9
2012/09,CUUR0000SEFG,267.697,PCU3117103117105,170.6
2012/10,CUUR0000SEFG,266.768,PCU3117103117105,178.3
2012/11,CUUR0000SEFG,266.862,PCU3117103117105,179.6
2012/12,CUUR0000SEFG,265.475,PCU3117103117105,179.7
2013/01,CUUR0000SEFG,267.671,PCU3117103117105,180.1
2013/02,CUUR0000SEFG,264.262,PCU3117103117105,180.2
2013/03,CUUR0000SEFG,266.075,PCU3117103117105,180.3
2013/04,CUUR0000SEFG,274.095,PCU3117103117105,180.7
2013/05,CUUR0000SEFG,271.585,PCU3117103117105,180.5
2013/06,CUUR0000SEFG,272.462,PCU3117103117105,180.6
2013/07,CUUR0000SEFG,273.497,PCU3117103117105,180.6
2013/08,CUUR0000SEFG,274.953,PCU3117103117105,182.4
2013/09,CUUR0000SEFG,277.198,PCU3117103117105,180.9
2013/10,CUUR0000SEFG,280.198,PCU3117103117105,181.0
2013/11,CUUR0000SEFG,279.388,PCU3117103117105,181.4
2013/12,CUUR0000SEFG,277.682,PCU3117103117105,181.4
2014/01,CUUR0000SEFG,283.814,PCU3117103117105,180.2
2014/02,CUUR0000SEFG,283.29,PCU3117103117105,181.6
2014/03,CUUR0000SEFG,281.825,PCU3117103117105,181.4
2014/04,CUUR0000SEFG,285.621,PCU3117103117105,180.1
2014/05,CUUR0000SEFG,290.998,PCU3117103117105,179.6
2014/06,CUUR0000SEFG,291.999,PCU3117103117105,179.3
2014/07,CUUR0000SEFG,292.032,PCU3117103117105,173.9
2014/08,CUUR0000SEFG,292.118,PCU3117103117105,173.8
2014/09,CUUR0000SEFG,294.159,PCU3117103117105,166.1
2014/10,CUUR0000SEFG,290.83,PCU3117103117105,173.3
2014/11,CUUR0000SEFG,291.81,PCU3117103117105,170.7
2014/12,CUUR0000SEFG,289.586,PCU3117103117105,170.4
2015/01,CUUR0000SEFG,290.187,PCU3117103117105,178.3
2015/02,CUUR0000SEFG,287.652,PCU3117103117105,165.2
2015/03,CUUR0000SEFG,287.739,PCU3117103117105,169.0
2015/04,CUUR0000SEFG,291.137,PCU3117103117105,170.7
2015/05,CUUR0000SEFG,288.711,PCU3117103117105,168.5
2015/06,CUUR0000SEFG,286.469,PCU3117103117105,167.4
2015/07,CUUR0000SEFG,285.588,PCU3117103117105,168.7
2015/08,CUUR0000SEFG,287.811,PCU3117103117105,167.8
2015/09,CUUR0000SEFG,285.988,PCU3117103117105,164.2
2015/10,CUUR0000SEFG,281.766,PCU3117103117105,164.8
2015/11,CUUR0000SEFG,282.827,PCU3117103117105,163.1
2015/12,CUUR0000SEFG,279.822,PCU3117103117105,163.9
2016/01,CUUR0000SEFG,282.355,PCU3117103117105,158.1
2016/02,CUUR0000SEFG,277.929,PCU3117103117105,157.2
2016/03,CUUR0000SEFG,279.872,PCU3117103117105,155.7
2016/04,CUUR0000SEFG,286.621,PCU3117103117105,158.8
2016/05,CUUR0000SEFG,285.239,PCU3117103117105,158.5
2016/06,CUUR0000SEFG,285.941,PCU3117103117105,157.4
2016/07,CUUR0000SEFG,286.165,PCU3117103117105,158.2
2016/08,CUUR0000SEFG,284.914,PCU3117103117105,159.8
2016/09,CUUR0000SEFG,287.865,PCU3117103117105,168.0
2016/10,CUUR0000SEFG,284.04,PCU3117103117105,169.2
2016/11,CUUR0000SEFG,285.802,PCU3117103117105,169.4
2016/12,CUUR0000SEFG,284.052,PCU3117103117105,176.1
2017/01,CUUR0000SEFG,285.501,PCU3117103117105,179.5
2017/02,CUUR0000SEFG,287.281,PCU3117103117105,176.2
2017/03,CUUR0000SEFG,284.543,PCU3117103117105,192.9
2017/04,CUUR0000SEFG,283.879,PCU3117103117105,192.8
2017/05,CUUR0000SEFG,288.43,PCU3117103117105,192.9
2017/06,CUUR0000SEFG,289.78,PCU3117103117105,192.2
2017/07,CUUR0000SEFG,288.966,PCU3117103117105,191.8
2017/08,CUUR0000SEFG,288.424,PCU3117103117105,193.2
2017/09,CUUR0000SEFG,287.94,PCU3117103117105,202.6
2017/10,CUUR0000SEFG,288.016,PCU3117103117105,204.4
2017/11,CUUR0000SEFG,290.402,PCU3117103117105,200.9
2017/12,CUUR0000SEFG,288.952,PCU3117103117105,200.1
2018/01,CUUR0000SEFG,289.064,PCU3117103117105,203.6
2018/02,CUUR0000SEFG,285.678,PCU3117103117105,203.3
2018/03,CUUR0000SEFG,289.436,PCU3117103117105,203.6
2018/04,CUUR0000SEFG,294.618,PCU3117103117105,203.3
2018/05,CUUR0000SEFG,292.439,PCU3117103117105,195.2
2018/06,CUUR0000SEFG,293.934,PCU3117103117105,195.6
2018/07,CUUR0000SEFG,293.656,PCU3117103117105,197.6
2018/08,CUUR0000SEFG,297.855,PCU3117103117105,209.2
2018/09,CUUR0000SEFG,295.797,PCU3117103117105,247.9
2018/10,CUUR0000SEFG,296.172,PCU3117103117105,228.5
2018/11,CUUR0000SEFG,298.392,PCU3117103117105,233.8
2018/12,CUUR0000SEFG,298.167,PCU3117103117105,229.3
2019/01,CUUR0000SEFG,299.646,PCU3117103117105,231.2
2019/02,CUUR0000SEFG,298.35,PCU3117103117105,232.7
2019/03,CUUR0000SEFG,297.251,PCU3117103117105,232.8
2019/04,CUUR0000SEFG,298.33,PCU3117103117105,232.9
2019/05,CUUR0000SEFG,301.048,PCU3117103117105,232.7
2019/06,CUUR0000SEFG,298.81,PCU3117103117105,247.4
2019/07,CUUR0000SEFG,298.232,PCU3117103117105,247.9
2019/08,CUUR0000SEFG,298.622,PCU3117103117105,252.2
2019/09,CUUR0000SEFG,297.023,PCU3117103117105,254.0
2019/10,CUUR0000SEFG,298.194,PCU3117103117105,253.3
2019/11,CUUR0000SEFG,298.291,PCU3117103117105,253.5
2019/12,CUUR0000SEFG,298.123,PCU3117103117105,255.1
2020/01,CUUR0000SEFG,300.842,PCU3117103117105,249.5
2020/02,CUUR0000SEFG,298.721,PCU3117103117105,243.2
2020/03,CUUR0000SEFG,297.55,PCU3117103117105,243.5
2020/04,CUUR0000SEFG,311.987,PCU3117103117105,250.5
2020/05,CUUR0000SEFG,313.424,PCU3117103117105,252.1
2020/06,CUUR0000SEFG,310.716,PCU3117103117105,255.5
2020/07,CUUR0000SEFG,308.877,PCU3117103117105,251.1
2020/08,CUUR0000SEFG,309.391,PCU3117103117105,258.1
2020/09,CUUR0000SEFG,310.962,PCU3117103117105,256.8
2020/10,CUUR0000SEFG,310.959,PCU3117103117105,256.4
2020/11,CUUR0000SEFG,312.401,PCU3117103117105,259.8
2020/12,CUUR0000SEFG,312.957,PCU3117103117105,262.3
2021/01,CUUR0000SEFG,313.669,PCU3117103117105,262.3
2021/02,CUUR0000SEFG,312.061,PCU3117103117105,260.9
2021/03,CUUR0000SEFG,312.965,PCU3117103117105,262.8
2021/04,CUUR0000SEFG,313.251,PCU3117103117105,263.3
2021/05,CUUR0000SEFG,319.479,PCU3117103117105,263.7
2021/06,CUUR0000SEFG,324.598,PCU3117103117105,264.2
2021/07,CUUR0000SEFG,329.386,PCU3117103117105,264.331
2021/08,CUUR0000SEFG,328.899,PCU3117103117105,264.331
2021/09,CUUR0000SEFG,332.906,PCU3117103117105,267.008
2021/10,CUUR0000SEFG,334.283,PCU3117103117105,267.567
2021/11,CUUR0000SEFG,337.47,PCU3117103117105,273.629
2021/12,CUUR0000SEFG,339.321,PCU3117103117105,273.696
2022/01,CUUR0000SEFG,343.868,PCU3117103117105,274.363
2022/02,CUUR0000SEFG,344.518,PCU3117103117105,275.71
2022/03,CUUR0000SEFG,347.215,PCU3117103117105,269.581
2022/04,CUUR0000SEFG,350.492,PCU3117103117105,262.029
2022/05,CUUR0000SEFG,358.446,PCU3117103117105,262.029
2022/06,CUUR0000SEFG,360.244,PCU3117103117105,249.55
2022/07,CUUR0000SEFG,358.193,PCU3117103117105,261.442
2022/08,CUUR0000SEFG,357.561,PCU3117103117105,261.517
2022/09,CUUR0000SEFG,359.5,PCU3117103117105,268.106
2022/10,CUUR0000SEFG,358.913,PCU3117103117105,268.106
2022/11,CUUR0000SEFG,359.506,PCU3117103117105,268.106
2022/12,CUUR0000SEFG,356.452,PCU3117103117105,268.106
2023/01,CUUR0000SEFG,357.719,,
2023/02,CUUR0000SEFG,360.246,,
