Series ID,Year,Period,Label,Value
CUUR0000SEFG,1935,M01,1935 Jan,6.2
CUUR0000SEFG,1935,M02,1935 Feb,6.2
CUUR0000SEFG,1935,M03,1935 Mar,6.1
CUUR0000SEFG,1935,M04,1935 Apr,6.1
CUUR0000SEFG,1935,M05,1935 May,6.1
CUUR0000SEFG,1935,M06,1935 Jun,6.1
CUUR0000SEFG,1935,M07,1935 Jul,6.1
CUUR0000SEFG,1935,M08,1935 Aug,6.1
CUUR0000SEFG,1935,M09,1935 Sep,6.3
CUUR0000SEFG,1935,M10,1935 Oct,6.3
CUUR0000SEFG,1935,M11,1935 Nov,6.2
CUUR0000SEFG,1935,M12,1935 Dec,6.3
CUUR0000SEFG,1936,M01,1936 Jan,6.3
CUUR0000SEFG,1936,M02,1936 Feb,6.3
CUUR0000SEFG,1936,M03,1936 Mar,6.2
CUUR0000SEFG,1936,M04,1936 Apr,6.2
CUUR0000SEFG,1936,M05,1936 May,6.2
CUUR0000SEFG,1936,M06,1936 Jun,6.2
CUUR0000SEFG,1936,M07,1936 Jul,6.2
CUUR0000SEFG,1936,M08,1936 Aug,6.2
CUUR0000SEFG,1936,M09,1936 Sep,6.2
CUUR0000SEFG,1936,M10,1936 Oct,6.2
CUUR0000SEFG,1936,M11,1936 Nov,6.1
CUUR0000SEFG,1936,M12,1936 Dec,6.1
CUUR0000SEFG,1937,M01,1937 Jan,6.1
CUUR0000SEFG,1937,M02,1937 Feb,6.1
CUUR0000SEFG,1937,M03,1937 Mar,6.1
CUUR0000SEFG,1937,M04,1937 Apr,6.1
CUUR0000SEFG,1937,M05,1937 May,6.1
CUUR0000SEFG,1937,M06,1937 Jun,6.2
CUUR0000SEFG,1937,M07,1937 Jul,6.3
CUUR0000SEFG,1937,M08,1937 Aug,6.4
CUUR0000SEFG,1937,M09,1937 Sep,6.5
CUUR0000SEFG,1937,M10,1937 Oct,6.6
CUUR0000SEFG,1937,M11,1937 Nov,6.7
CUUR0000SEFG,1937,M12,1937 Dec,6.7
CUUR0000SEFG,1938,M01,1938 Jan,6.8
CUUR0000SEFG,1938,M02,1938 Feb,6.8
CUUR0000SEFG,1938,M03,1938 Mar,6.7
CUUR0000SEFG,1938,M04,1938 Apr,6.4
CUUR0000SEFG,1938,M05,1938 May,6.0
CUUR0000SEFG,1938,M06,1938 Jun,6.1
CUUR0000SEFG,1938,M07,1938 Jul,6.2
CUUR0000SEFG,1938,M08,1938 Aug,6.2
CUUR0000SEFG,1938,M09,1938 Sep,6.3
CUUR0000SEFG,1938,M10,1938 Oct,6.3
CUUR0000SEFG,1938,M11,1938 Nov,6.2
CUUR0000SEFG,1938,M12,1938 Dec,6.3
CUUR0000SEFG,1939,M01,1939 Jan,6.4
CUUR0000SEFG,1939,M02,1939 Feb,6.4
CUUR0000SEFG,1939,M03,1939 Mar,6.4
CUUR0000SEFG,1939,M04,1939 Apr,6.3
CUUR0000SEFG,1939,M05,1939 May,6.0
CUUR0000SEFG,1939,M06,1939 Jun,6.1
CUUR0000SEFG,1939,M07,1939 Jul,6.0
CUUR0000SEFG,1939,M08,1939 Aug,6.3
CUUR0000SEFG,1939,M09,1939 Sep,6.4
CUUR0000SEFG,1939,M10,1939 Oct,6.5
CUUR0000SEFG,1939,M11,1939 Nov,6.6
CUUR0000SEFG,1939,M12,1939 Dec,6.6
CUUR0000SEFG,1940,M01,1940 Jan,6.9
CUUR0000SEFG,1940,M02,1940 Feb,6.8
CUUR0000SEFG,1940,M03,1940 Mar,6.9
CUUR0000SEFG,1940,M04,1940 Apr,7.2
CUUR0000SEFG,1940,M05,1940 May,6.9
CUUR0000SEFG,1940,M06,1940 Jun,6.9
CUUR0000SEFG,1940,M07,1940 Jul,6.8
CUUR0000SEFG,1940,M08,1940 Aug,6.9
CUUR0000SEFG,1940,M09,1940 Sep,7.0
CUUR0000SEFG,1940,M10,1940 Oct,7.0
CUUR0000SEFG,1940,M11,1940 Nov,7.0
CUUR0000SEFG,1940,M12,1940 Dec,7.2
CUUR0000SEFG,1941,M01,1941 Jan,7.4
CUUR0000SEFG,1941,M02,1941 Feb,7.4
CUUR0000SEFG,1941,M03,1941 Mar,7.5
CUUR0000SEFG,1941,M04,1941 Apr,7.6
CUUR0000SEFG,1941,M05,1941 May,7.4
CUUR0000SEFG,1941,M06,1941 Jun,7.4
CUUR0000SEFG,1941,M07,1941 Jul,7.6
CUUR0000SEFG,1941,M08,1941 Aug,7.9
CUUR0000SEFG,1941,M09,1941 Sep,8.2
CUUR0000SEFG,1941,M10,1941 Oct,8.2
CUUR0000SEFG,1941,M11,1941 Nov,8.5
CUUR0000SEFG,1941,M12,1941 Dec,8.7
CUUR0000SEFG,1942,M01,1942 Jan,9.1
CUUR0000SEFG,1942,M02,1942 Feb,9.9
CUUR0000SEFG,1942,M03,1942 Mar,10.0
CUUR0000SEFG,1942,M04,1942 Apr,9.9
CUUR0000SEFG,1942,M05,1942 May,9.5
CUUR0000SEFG,1942,M06,1942 Jun,9.9
CUUR0000SEFG,1942,M07,1942 Jul,10.1
CUUR0000SEFG,1942,M08,1942 Aug,10.3
CUUR0000SEFG,1942,M09,1942 Sep,10.6
CUUR0000SEFG,1942,M10,1942 Oct,10.9
CUUR0000SEFG,1942,M11,1942 Nov,11.2
CUUR0000SEFG,1942,M12,1942 Dec,11.5
CUUR0000SEFG,1943,M01,1943 Jan,11.8
CUUR0000SEFG,1943,M02,1943 Feb,12.1
CUUR0000SEFG,1943,M03,1943 Mar,12.8
CUUR0000SEFG,1943,M04,1943 Apr,13.0
CUUR0000SEFG,1943,M05,1943 May,12.6
CUUR0000SEFG,1943,M06,1943 Jun,12.6
CUUR0000SEFG,1943,M07,1943 Jul,13.1
CUUR0000SEFG,1943,M08,1943 Aug,12.7
CUUR0000SEFG,1943,M09,1943 Sep,13.1
CUUR0000SEFG,1943,M10,1943 Oct,13.6
CUUR0000SEFG,1943,M11,1943 Nov,14.0
CUUR0000SEFG,1943,M12,1943 Dec,14.1
CUUR0000SEFG,1944,M01,1944 Jan,14.0
CUUR0000SEFG,1944,M02,1944 Feb,13.6
CUUR0000SEFG,1944,M03,1944 Mar,13.8
CUUR0000SEFG,1944,M04,1944 Apr,13.2
CUUR0000SEFG,1944,M05,1944 May,12.6
CUUR0000SEFG,1944,M06,1944 Jun,12.3
CUUR0000SEFG,1944,M07,1944 Jul,12.4
CUUR0000SEFG,1944,M08,1944 Aug,12.4
CUUR0000SEFG,1944,M09,1944 Sep,12.6
CUUR0000SEFG,1944,M10,1944 Oct,12.9
CUUR0000SEFG,1944,M11,1944 Nov,13.2
CUUR0000SEFG,1944,M12,1944 Dec,13.2
CUUR0000SEFG,1945,M01,1945 Jan,13.2
CUUR0000SEFG,1945,M02,1945 Feb,13.5
CUUR0000SEFG,1945,M03,1945 Mar,13.5
CUUR0000SEFG,1945,M04,1945 Apr,13.3
CUUR0000SEFG,1945,M05,1945 May,13.7
CUUR0000SEFG,1945,M06,1945 Jun,13.5
CUUR0000SEFG,1945,M07,1945 Jul,13.6
CUUR0000SEFG,1945,M08,1945 Aug,13.7
CUUR0000SEFG,1945,M09,1945 Sep,13.8
CUUR0000SEFG,1945,M10,1945 Oct,13.9
CUUR0000SEFG,1945,M11,1945 Nov,13.9
CUUR0000SEFG,1945,M12,1945 Dec,13.9
CUUR0000SEFG,1946,M01,1946 Jan,14.3
CUUR0000SEFG,1946,M02,1946 Feb,14.3
CUUR0000SEFG,1946,M03,1946 Mar,14.3
CUUR0000SEFG,1946,M04,1946 Apr,13.9
CUUR0000SEFG,1946,M05,1946 May,13.7
CUUR0000SEFG,1946,M06,1946 Jun,13.8
CUUR0000SEFG,1946,M07,1946 Jul,14.8
CUUR0000SEFG,1946,M08,1946 Aug,14.9
CUUR0000SEFG,1946,M09,1946 Sep,14.9
CUUR0000SEFG,1946,M10,1946 Oct,15.7
CUUR0000SEFG,1946,M11,1946 Nov,16.6
CUUR0000SEFG,1946,M12,1946 Dec,16.8
CUUR0000SEFG,1947,M01,1947 Jan,17.0
CUUR0000SEFG,1947,M02,1947 Feb,16.2
CUUR0000SEFG,1947,M03,1947 Mar,16.7
CUUR0000SEFG,1947,M04,1947 Apr,16.4
CUUR0000SEFG,1947,M05,1947 May,16.0
CUUR0000SEFG,1947,M06,1947 Jun,16.0
CUUR0000SEFG,1947,M07,1947 Jul,16.3
CUUR0000SEFG,1947,M08,1947 Aug,16.5
CUUR0000SEFG,1947,M09,1947 Sep,17.3
CUUR0000SEFG,1947,M10,1947 Oct,18.0
CUUR0000SEFG,1947,M11,1947 Nov,19.0
CUUR0000SEFG,1947,M12,1947 Dec,19.0
CUUR0000SEFG,1948,M01,1948 Jan,19.5
CUUR0000SEFG,1948,M02,1948 Feb,19.8
CUUR0000SEFG,1948,M03,1948 Mar,19.7
CUUR0000SEFG,1948,M04,1948 Apr,19.3
CUUR0000SEFG,1948,M05,1948 May,19.2
CUUR0000SEFG,1948,M06,1948 Jun,18.8
CUUR0000SEFG,1948,M07,1948 Jul,18.9
CUUR0000SEFG,1948,M08,1948 Aug,19.1
CUUR0000SEFG,1948,M09,1948 Sep,19.8
CUUR0000SEFG,1948,M10,1948 Oct,20.5
CUUR0000SEFG,1948,M11,1948 Nov,20.6
CUUR0000SEFG,1948,M12,1948 Dec,20.6
CUUR0000SEFG,1949,M01,1949 Jan,20.9
CUUR0000SEFG,1949,M02,1949 Feb,20.6
CUUR0000SEFG,1949,M03,1949 Mar,20.5
CUUR0000SEFG,1949,M04,1949 Apr,20.2
CUUR0000SEFG,1949,M05,1949 May,19.8
CUUR0000SEFG,1949,M06,1949 Jun,19.6
CUUR0000SEFG,1949,M07,1949 Jul,19.3
CUUR0000SEFG,1949,M08,1949 Aug,19.4
CUUR0000SEFG,1949,M09,1949 Sep,19.6
CUUR0000SEFG,1949,M10,1949 Oct,19.3
CUUR0000SEFG,1949,M11,1949 Nov,18.9
CUUR0000SEFG,1949,M12,1949 Dec,18.8
CUUR0000SEFG,1950,M01,1950 Jan,18.9
CUUR0000SEFG,1950,M02,1950 Feb,18.5
CUUR0000SEFG,1950,M03,1950 Mar,18.9
CUUR0000SEFG,1950,M04,1950 Apr,18.7
CUUR0000SEFG,1950,M05,1950 May,18.4
CUUR0000SEFG,1950,M06,1950 Jun,18.6
CUUR0000SEFG,1950,M07,1950 Jul,18.7
CUUR0000SEFG,1950,M08,1950 Aug,19.0
CUUR0000SEFG,1950,M09,1950 Sep,19.6
CUUR0000SEFG,1950,M10,1950 Oct,20.6
CUUR0000SEFG,1950,M11,1950 Nov,21.1
CUUR0000SEFG,1950,M12,1950 Dec,21.4
CUUR0000SEFG,1951,M01,1951 Jan,21.7
CUUR0000SEFG,1951,M02,1951 Feb,21.8
CUUR0000SEFG,1951,M03,1951 Mar,22.1
CUUR0000SEFG,1951,M04,1951 Apr,22.1
CUUR0000SEFG,1951,M05,1951 May,22.2
CUUR0000SEFG,1951,M06,1951 Jun,22.4
CUUR0000SEFG,1951,M07,1951 Jul,22.2
CUUR0000SEFG,1951,M08,1951 Aug,22.4
CUUR0000SEFG,1951,M09,1951 Sep,22.2
CUUR0000SEFG,1951,M10,1951 Oct,22.2
CUUR0000SEFG,1951,M11,1951 Nov,22.1
CUUR0000SEFG,1951,M12,1951 Dec,22.1
CUUR0000SEFG,1952,M01,1952 Jan,22.1
CUUR0000SEFG,1952,M02,1952 Feb,22.1
CUUR0000SEFG,1952,M03,1952 Mar,21.8
CUUR0000SEFG,1952,M04,1952 Apr,21.8
CUUR0000SEFG,1952,M05,1952 May,21.7
CUUR0000SEFG,1952,M06,1952 Jun,21.6
CUUR0000SEFG,1952,M07,1952 Jul,21.5
CUUR0000SEFG,1952,M08,1952 Aug,21.3
CUUR0000SEFG,1952,M09,1952 Sep,21.3
CUUR0000SEFG,1952,M10,1952 Oct,21.2
CUUR0000SEFG,1952,M11,1952 Nov,21.1
CUUR0000SEFG,1952,M12,1952 Dec,21.0
CUUR0000SEFG,1953,M01,1953 Jan,21.0
CUUR0000SEFG,1953,M02,1953 Feb,20.8
CUUR0000SEFG,1953,M03,1953 Mar,20.8
CUUR0000SEFG,1953,M04,1953 Apr,20.8
CUUR0000SEFG,1953,M05,1953 May,20.8
CUUR0000SEFG,1953,M06,1953 Jun,20.7
CUUR0000SEFG,1953,M07,1953 Jul,20.7
CUUR0000SEFG,1953,M08,1953 Aug,20.7
CUUR0000SEFG,1953,M09,1953 Sep,20.7
CUUR0000SEFG,1953,M10,1953 Oct,20.7
CUUR0000SEFG,1953,M11,1953 Nov,20.7
CUUR0000SEFG,1953,M12,1953 Dec,20.6
CUUR0000SEFG,1954,M01,1954 Jan,20.7
CUUR0000SEFG,1954,M02,1954 Feb,20.8
CUUR0000SEFG,1954,M03,1954 Mar,20.9
CUUR0000SEFG,1954,M04,1954 Apr,20.9
CUUR0000SEFG,1954,M05,1954 May,21.0
CUUR0000SEFG,1954,M06,1954 Jun,21.0
CUUR0000SEFG,1954,M07,1954 Jul,21.0
CUUR0000SEFG,1954,M08,1954 Aug,20.9
CUUR0000SEFG,1954,M09,1954 Sep,20.8
CUUR0000SEFG,1954,M10,1954 Oct,20.9
CUUR0000SEFG,1954,M11,1954 Nov,20.6
CUUR0000SEFG,1954,M12,1954 Dec,20.6
CUUR0000SEFG,1955,M01,1955 Jan,20.6
CUUR0000SEFG,1955,M02,1955 Feb,20.5
CUUR0000SEFG,1955,M03,1955 Mar,20.4
CUUR0000SEFG,1955,M04,1955 Apr,20.4
CUUR0000SEFG,1955,M05,1955 May,20.4
CUUR0000SEFG,1955,M06,1955 Jun,20.3
CUUR0000SEFG,1955,M07,1955 Jul,20.3
CUUR0000SEFG,1955,M08,1955 Aug,20.3
CUUR0000SEFG,1955,M09,1955 Sep,20.3
CUUR0000SEFG,1955,M10,1955 Oct,20.4
CUUR0000SEFG,1955,M11,1955 Nov,20.4
CUUR0000SEFG,1955,M12,1955 Dec,20.5
CUUR0000SEFG,1956,M01,1956 Jan,20.6
CUUR0000SEFG,1956,M02,1956 Feb,20.5
CUUR0000SEFG,1956,M03,1956 Mar,20.5
CUUR0000SEFG,1956,M04,1956 Apr,20.4
CUUR0000SEFG,1956,M05,1956 May,20.4
CUUR0000SEFG,1956,M06,1956 Jun,20.3
CUUR0000SEFG,1956,M07,1956 Jul,20.2
CUUR0000SEFG,1956,M08,1956 Aug,20.3
CUUR0000SEFG,1956,M09,1956 Sep,20.3
CUUR0000SEFG,1956,M10,1956 Oct,20.3
CUUR0000SEFG,1956,M11,1956 Nov,20.3
CUUR0000SEFG,1956,M12,1956 Dec,20.5
CUUR0000SEFG,1957,M01,1957 Jan,20.6
CUUR0000SEFG,1957,M02,1957 Feb,20.6
CUUR0000SEFG,1957,M03,1957 Mar,20.4
CUUR0000SEFG,1957,M04,1957 Apr,20.5
CUUR0000SEFG,1957,M05,1957 May,20.6
CUUR0000SEFG,1957,M06,1957 Jun,20.5
CUUR0000SEFG,1957,M07,1957 Jul,20.6
CUUR0000SEFG,1957,M08,1957 Aug,20.7
CUUR0000SEFG,1957,M09,1957 Sep,20.7
CUUR0000SEFG,1957,M10,1957 Oct,20.8
CUUR0000SEFG,1957,M11,1957 Nov,21.0
CUUR0000SEFG,1957,M12,1957 Dec,21.1
CUUR0000SEFG,1958,M01,1958 Jan,21.4
CUUR0000SEFG,1958,M02,1958 Feb,21.7
CUUR0000SEFG,1958,M03,1958 Mar,22.0
CUUR0000SEFG,1958,M04,1958 Apr,22.1
CUUR0000SEFG,1958,M05,1958 May,22.1
CUUR0000SEFG,1958,M06,1958 Jun,22.0
CUUR0000SEFG,1958,M07,1958 Jul,22.1
CUUR0000SEFG,1958,M08,1958 Aug,22.1
CUUR0000SEFG,1958,M09,1958 Sep,22.2
CUUR0000SEFG,1958,M10,1958 Oct,22.4
CUUR0000SEFG,1958,M11,1958 Nov,22.5
CUUR0000SEFG,1958,M12,1958 Dec,22.5
CUUR0000SEFG,1959,M01,1959 Jan,22.8
CUUR0000SEFG,1959,M02,1959 Feb,22.7
CUUR0000SEFG,1959,M03,1959 Mar,22.7
CUUR0000SEFG,1959,M04,1959 Apr,22.7
CUUR0000SEFG,1959,M05,1959 May,22.5
CUUR0000SEFG,1959,M06,1959 Jun,22.5
CUUR0000SEFG,1959,M07,1959 Jul,22.5
CUUR0000SEFG,1959,M08,1959 Aug,22.4
CUUR0000SEFG,1959,M09,1959 Sep,22.3
CUUR0000SEFG,1959,M10,1959 Oct,22.2
CUUR0000SEFG,1959,M11,1959 Nov,22.3
CUUR0000SEFG,1959,M12,1959 Dec,22.4
CUUR0000SEFG,1960,M01,1960 Jan,22.5
CUUR0000SEFG,1960,M02,1960 Feb,22.4
CUUR0000SEFG,1960,M03,1960 Mar,22.4
CUUR0000SEFG,1960,M04,1960 Apr,22.4
CUUR0000SEFG,1960,M05,1960 May,22.5
CUUR0000SEFG,1960,M06,1960 Jun,22.5
CUUR0000SEFG,1960,M07,1960 Jul,22.5
CUUR0000SEFG,1960,M08,1960 Aug,22.4
CUUR0000SEFG,1960,M09,1960 Sep,22.5
CUUR0000SEFG,1960,M10,1960 Oct,22.5
CUUR0000SEFG,1960,M11,1960 Nov,22.7
CUUR0000SEFG,1960,M12,1960 Dec,22.7
CUUR0000SEFG,1961,M01,1961 Jan,22.8
CUUR0000SEFG,1961,M02,1961 Feb,22.9
CUUR0000SEFG,1961,M03,1961 Mar,22.8
CUUR0000SEFG,1961,M04,1961 Apr,22.9
CUUR0000SEFG,1961,M05,1961 May,22.9
CUUR0000SEFG,1961,M06,1961 Jun,22.8
CUUR0000SEFG,1961,M07,1961 Jul,22.9
CUUR0000SEFG,1961,M08,1961 Aug,22.9
CUUR0000SEFG,1961,M09,1961 Sep,23.0
CUUR0000SEFG,1961,M10,1961 Oct,23.2
CUUR0000SEFG,1961,M11,1961 Nov,23.3
CUUR0000SEFG,1961,M12,1961 Dec,23.5
CUUR0000SEFG,1962,M01,1962 Jan,23.6
CUUR0000SEFG,1962,M02,1962 Feb,23.8
CUUR0000SEFG,1962,M03,1962 Mar,23.8
CUUR0000SEFG,1962,M04,1962 Apr,24.0
CUUR0000SEFG,1962,M05,1962 May,24.0
CUUR0000SEFG,1962,M06,1962 Jun,24.1
CUUR0000SEFG,1962,M07,1962 Jul,24.1
CUUR0000SEFG,1962,M08,1962 Aug,24.1
CUUR0000SEFG,1962,M09,1962 Sep,24.1
CUUR0000SEFG,1962,M10,1962 Oct,24.1
CUUR0000SEFG,1962,M11,1962 Nov,24.0
CUUR0000SEFG,1962,M12,1962 Dec,24.0
CUUR0000SEFG,1963,M01,1963 Jan,24.1
CUUR0000SEFG,1963,M02,1963 Feb,24.1
CUUR0000SEFG,1963,M03,1963 Mar,24.0
CUUR0000SEFG,1963,M04,1963 Apr,24.0
CUUR0000SEFG,1963,M05,1963 May,24.2
CUUR0000SEFG,1963,M06,1963 Jun,24.0
CUUR0000SEFG,1963,M07,1963 Jul,23.9
CUUR0000SEFG,1963,M08,1963 Aug,23.7
CUUR0000SEFG,1963,M09,1963 Sep,23.8
CUUR0000SEFG,1963,M10,1963 Oct,23.7
CUUR0000SEFG,1963,M11,1963 Nov,23.8
CUUR0000SEFG,1963,M12,1963 Dec,23.9
CUUR0000SEFG,1964,M01,1964 Jan,23.7
CUUR0000SEFG,1964,M02,1964 Feb,23.6
CUUR0000SEFG,1964,M03,1964 Mar,23.3
CUUR0000SEFG,1964,M04,1964 Apr,23.3
CUUR0000SEFG,1964,M05,1964 May,23.3
CUUR0000SEFG,1964,M06,1964 Jun,23.2
CUUR0000SEFG,1964,M07,1964 Jul,23.2
CUUR0000SEFG,1964,M08,1964 Aug,23.2
CUUR0000SEFG,1964,M09,1964 Sep,23.2
CUUR0000SEFG,1964,M10,1964 Oct,23.3
CUUR0000SEFG,1964,M11,1964 Nov,23.5
CUUR0000SEFG,1964,M12,1964 Dec,23.6
CUUR0000SEFG,1965,M01,1965 Jan,23.8
CUUR0000SEFG,1965,M02,1965 Feb,24.0
CUUR0000SEFG,1965,M03,1965 Mar,23.9
CUUR0000SEFG,1965,M04,1965 Apr,24.0
CUUR0000SEFG,1965,M05,1965 May,24.0
CUUR0000SEFG,1965,M06,1965 Jun,24.0
CUUR0000SEFG,1965,M07,1965 Jul,24.1
CUUR0000SEFG,1965,M08,1965 Aug,24.2
CUUR0000SEFG,1965,M09,1965 Sep,24.1
CUUR0000SEFG,1965,M10,1965 Oct,24.2
CUUR0000SEFG,1965,M11,1965 Nov,24.2
CUUR0000SEFG,1965,M12,1965 Dec,24.2
CUUR0000SEFG,1966,M01,1966 Jan,24.4
CUUR0000SEFG,1966,M02,1966 Feb,24.6
CUUR0000SEFG,1966,M03,1966 Mar,25.0
CUUR0000SEFG,1966,M04,1966 Apr,25.2
CUUR0000SEFG,1966,M05,1966 May,25.7
CUUR0000SEFG,1966,M06,1966 Jun,25.7
CUUR0000SEFG,1966,M07,1966 Jul,25.8
CUUR0000SEFG,1966,M08,1966 Aug,26.0
CUUR0000SEFG,1966,M09,1966 Sep,26.2
CUUR0000SEFG,1966,M10,1966 Oct,26.1
CUUR0000SEFG,1966,M11,1966 Nov,26.3
CUUR0000SEFG,1966,M12,1966 Dec,26.5
CUUR0000SEFG,1967,M01,1967 Jan,26.8
CUUR0000SEFG,1967,M02,1967 Feb,26.5
CUUR0000SEFG,1967,M03,1967 Mar,26.7
CUUR0000SEFG,1967,M04,1967 Apr,26.7
CUUR0000SEFG,1967,M05,1967 May,26.6
CUUR0000SEFG,1967,M06,1967 Jun,26.3
CUUR0000SEFG,1967,M07,1967 Jul,26.4
CUUR0000SEFG,1967,M08,1967 Aug,26.4
CUUR0000SEFG,1967,M09,1967 Sep,26.4
CUUR0000SEFG,1967,M10,1967 Oct,26.3
CUUR0000SEFG,1967,M11,1967 Nov,26.3
CUUR0000SEFG,1967,M12,1967 Dec,26.5
CUUR0000SEFG,1968,M01,1968 Jan,26.7
CUUR0000SEFG,1968,M02,1968 Feb,26.7
CUUR0000SEFG,1968,M03,1968 Mar,26.4
CUUR0000SEFG,1968,M04,1968 Apr,26.6
CUUR0000SEFG,1968,M05,1968 May,26.7
CUUR0000SEFG,1968,M06,1968 Jun,26.9
CUUR0000SEFG,1968,M07,1968 Jul,27.0
CUUR0000SEFG,1968,M08,1968 Aug,27.1
CUUR0000SEFG,1968,M09,1968 Sep,27.2
CUUR0000SEFG,1968,M10,1968 Oct,27.2
CUUR0000SEFG,1968,M11,1968 Nov,27.3
CUUR0000SEFG,1968,M12,1968 Dec,27.5
CUUR0000SEFG,1969,M01,1969 Jan,27.6
CUUR0000SEFG,1969,M02,1969 Feb,27.8
CUUR0000SEFG,1969,M03,1969 Mar,27.8
CUUR0000SEFG,1969,M04,1969 Apr,27.9
CUUR0000SEFG,1969,M05,1969 May,28.2
CUUR0000SEFG,1969,M06,1969 Jun,28.2
CUUR0000SEFG,1969,M07,1969 Jul,28.4
CUUR0000SEFG,1969,M08,1969 Aug,28.6
CUUR0000SEFG,1969,M09,1969 Sep,28.7
CUUR0000SEFG,1969,M10,1969 Oct,29.0
CUUR0000SEFG,1969,M11,1969 Nov,29.1
CUUR0000SEFG,1969,M12,1969 Dec,29.5
CUUR0000SEFG,1970,M01,1970 Jan,29.8
CUUR0000SEFG,1970,M02,1970 Feb,30.1
CUUR0000SEFG,1970,M03,1970 Mar,30.4
CUUR0000SEFG,1970,M04,1970 Apr,30.7
CUUR0000SEFG,1970,M05,1970 May,30.9
CUUR0000SEFG,1970,M06,1970 Jun,31.2
CUUR0000SEFG,1970,M07,1970 Jul,31.2
CUUR0000SEFG,1970,M08,1970 Aug,31.4
CUUR0000SEFG,1970,M09,1970 Sep,31.8
CUUR0000SEFG,1970,M10,1970 Oct,32.2
CUUR0000SEFG,1970,M11,1970 Nov,32.5
CUUR0000SEFG,1970,M12,1970 Dec,33.0
CUUR0000SEFG,1971,M01,1971 Jan,33.2
CUUR0000SEFG,1971,M02,1971 Feb,33.6
CUUR0000SEFG,1971,M03,1971 Mar,33.8
CUUR0000SEFG,1971,M04,1971 Apr,34.1
CUUR0000SEFG,1971,M05,1971 May,34.3
CUUR0000SEFG,1971,M06,1971 Jun,34.5
CUUR0000SEFG,1971,M07,1971 Jul,34.7
CUUR0000SEFG,1971,M08,1971 Aug,34.9
CUUR0000SEFG,1971,M09,1971 Sep,35.1
CUUR0000SEFG,1971,M10,1971 Oct,35.2
CUUR0000SEFG,1971,M11,1971 Nov,35.2
CUUR0000SEFG,1971,M12,1971 Dec,35.3
CUUR0000SEFG,1972,M01,1972 Jan,35.7
CUUR0000SEFG,1972,M02,1972 Feb,36.3
CUUR0000SEFG,1972,M03,1972 Mar,36.6
CUUR0000SEFG,1972,M04,1972 Apr,37.0
CUUR0000SEFG,1972,M05,1972 May,37.1
CUUR0000SEFG,1972,M06,1972 Jun,37.4
CUUR0000SEFG,1972,M07,1972 Jul,37.6
CUUR0000SEFG,1972,M08,1972 Aug,37.8
CUUR0000SEFG,1972,M09,1972 Sep,38.3
CUUR0000SEFG,1972,M10,1972 Oct,38.6
CUUR0000SEFG,1972,M11,1972 Nov,39.2
CUUR0000SEFG,1972,M12,1972 Dec,39.4
CUUR0000SEFG,1973,M01,1973 Jan,39.5
CUUR0000SEFG,1973,M02,1973 Feb,40.1
CUUR0000SEFG,1973,M03,1973 Mar,40.5
CUUR0000SEFG,1973,M04,1973 Apr,41.4
CUUR0000SEFG,1973,M05,1973 May,42.4
CUUR0000SEFG,1973,M06,1973 Jun,43.4
CUUR0000SEFG,1973,M07,1973 Jul,43.4
CUUR0000SEFG,1973,M08,1973 Aug,43.8
CUUR0000SEFG,1973,M09,1973 Sep,44.3
CUUR0000SEFG,1973,M10,1973 Oct,45.3
CUUR0000SEFG,1973,M11,1973 Nov,46.6
CUUR0000SEFG,1973,M12,1973 Dec,47.2
CUUR0000SEFG,1974,M01,1974 Jan,47.8
CUUR0000SEFG,1974,M02,1974 Feb,48.4
CUUR0000SEFG,1974,M03,1974 Mar,49.1
CUUR0000SEFG,1974,M04,1974 Apr,49.5
CUUR0000SEFG,1974,M05,1974 May,49.6
CUUR0000SEFG,1974,M06,1974 Jun,49.6
CUUR0000SEFG,1974,M07,1974 Jul,49.9
CUUR0000SEFG,1974,M08,1974 Aug,49.6
CUUR0000SEFG,1974,M09,1974 Sep,50.0
CUUR0000SEFG,1974,M10,1974 Oct,50.4
CUUR0000SEFG,1974,M11,1974 Nov,51.3
CUUR0000SEFG,1974,M12,1974 Dec,51.6
CUUR0000SEFG,1975,M01,1975 Jan,51.8
CUUR0000SEFG,1975,M02,1975 Feb,52.2
CUUR0000SEFG,1975,M03,1975 Mar,52.2
CUUR0000SEFG,1975,M04,1975 Apr,52.3
CUUR0000SEFG,1975,M05,1975 May,52.7
CUUR0000SEFG,1975,M06,1975 Jun,53.1
CUUR0000SEFG,1975,M07,1975 Jul,53.8
CUUR0000SEFG,1975,M08,1975 Aug,54.3
CUUR0000SEFG,1975,M09,1975 Sep,55.1
CUUR0000SEFG,1975,M10,1975 Oct,55.8
CUUR0000SEFG,1975,M11,1975 Nov,56.1
CUUR0000SEFG,1975,M12,1975 Dec,56.7
CUUR0000SEFG,1976,M01,1976 Jan,57.3
CUUR0000SEFG,1976,M02,1976 Feb,58.1
CUUR0000SEFG,1976,M03,1976 Mar,58.1
CUUR0000SEFG,1976,M04,1976 Apr,58.9
CUUR0000SEFG,1976,M05,1976 May,59.6
CUUR0000SEFG,1976,M06,1976 Jun,60.0
CUUR0000SEFG,1976,M07,1976 Jul,60.4
CUUR0000SEFG,1976,M08,1976 Aug,60.8
CUUR0000SEFG,1976,M09,1976 Sep,62.1
CUUR0000SEFG,1976,M10,1976 Oct,62.1
CUUR0000SEFG,1976,M11,1976 Nov,62.4
CUUR0000SEFG,1976,M12,1976 Dec,62.9
CUUR0000SEFG,1977,M01,1977 Jan,63.1
CUUR0000SEFG,1977,M02,1977 Feb,63.9
CUUR0000SEFG,1977,M03,1977 Mar,64.0
CUUR0000SEFG,1977,M04,1977 Apr,64.6
CUUR0000SEFG,1977,M05,1977 May,65.9
CUUR0000SEFG,1977,M06,1977 Jun,66.4
CUUR0000SEFG,1977,M07,1977 Jul,67.4
CUUR0000SEFG,1977,M08,1977 Aug,68.0
CUUR0000SEFG,1977,M09,1977 Sep,68.6
CUUR0000SEFG,1977,M10,1977 Oct,69.0
CUUR0000SEFG,1977,M11,1977 Nov,69.5
CUUR0000SEFG,1977,M12,1977 Dec,69.6
CUUR0000SEFG,1978,M01,1978 Jan,70.6
CUUR0000SEFG,1978,M02,1978 Feb,70.6
CUUR0000SEFG,1978,M03,1978 Mar,70.8
CUUR0000SEFG,1978,M04,1978 Apr,72.0
CUUR0000SEFG,1978,M05,1978 May,72.3
CUUR0000SEFG,1978,M06,1978 Jun,72.5
CUUR0000SEFG,1978,M07,1978 Jul,73.0
CUUR0000SEFG,1978,M08,1978 Aug,73.4
CUUR0000SEFG,1978,M09,1978 Sep,74.2
CUUR0000SEFG,1978,M10,1978 Oct,74.6
CUUR0000SEFG,1978,M11,1978 Nov,75.6
CUUR0000SEFG,1978,M12,1978 Dec,75.9
CUUR0000SEFG,1979,M01,1979 Jan,76.9
CUUR0000SEFG,1979,M02,1979 Feb,77.6
CUUR0000SEFG,1979,M03,1979 Mar,77.9
CUUR0000SEFG,1979,M04,1979 Apr,78.3
CUUR0000SEFG,1979,M05,1979 May,78.7
CUUR0000SEFG,1979,M06,1979 Jun,79.7
CUUR0000SEFG,1979,M07,1979 Jul,80.6
CUUR0000SEFG,1979,M08,1979 Aug,81.2
CUUR0000SEFG,1979,M09,1979 Sep,82.1
CUUR0000SEFG,1979,M10,1979 Oct,82.5
CUUR0000SEFG,1979,M11,1979 Nov,82.7
CUUR0000SEFG,1979,M12,1979 Dec,82.8
CUUR0000SEFG,1980,M01,1980 Jan,83.9
CUUR0000SEFG,1980,M02,1980 Feb,84.9
CUUR0000SEFG,1980,M03,1980 Mar,85.5
CUUR0000SEFG,1980,M04,1980 Apr,86.2
CUUR0000SEFG,1980,M05,1980 May,86.0
CUUR0000SEFG,1980,M06,1980 Jun,87.2
CUUR0000SEFG,1980,M07,1980 Jul,87.5
CUUR0000SEFG,1980,M08,1980 Aug,87.9
CUUR0000SEFG,1980,M09,1980 Sep,89.0
CUUR0000SEFG,1980,M10,1980 Oct,89.2
CUUR0000SEFG,1980,M11,1980 Nov,90.9
CUUR0000SEFG,1980,M12,1980 Dec,91.9
CUUR0000SEFG,1981,M01,1981 Jan,94.8
CUUR0000SEFG,1981,M02,1981 Feb,94.1
CUUR0000SEFG,1981,M03,1981 Mar,95.1
CUUR0000SEFG,1981,M04,1981 Apr,95.3
CUUR0000SEFG,1981,M05,1981 May,93.6
CUUR0000SEFG,1981,M06,1981 Jun,93.3
CUUR0000SEFG,1981,M07,1981 Jul,94.6
CUUR0000SEFG,1981,M08,1981 Aug,94.5
CUUR0000SEFG,1981,M09,1981 Sep,96.1
CUUR0000SEFG,1981,M10,1981 Oct,95.6
CUUR0000SEFG,1981,M11,1981 Nov,95.1
CUUR0000SEFG,1981,M12,1981 Dec,95.3
CUUR0000SEFG,1982,M01,1982 Jan,98.9
CUUR0000SEFG,1982,M02,1982 Feb,99.0
CUUR0000SEFG,1982,M03,1982 Mar,99.7
CUUR0000SEFG,1982,M04,1982 Apr,101.2
CUUR0000SEFG,1982,M05,1982 May,97.0
CUUR0000SEFG,1982,M06,1982 Jun,96.8
CUUR0000SEFG,1982,M07,1982 Jul,98.1
CUUR0000SEFG,1982,M08,1982 Aug,97.4
CUUR0000SEFG,1982,M09,1982 Sep,97.9
CUUR0000SEFG,1982,M10,1982 Oct,97.3
CUUR0000SEFG,1982,M11,1982 Nov,97.1
CUUR0000SEFG,1982,M12,1982 Dec,97.9
CUUR0000SEFG,1983,M01,1983 Jan,99.8
CUUR0000SEFG,1983,M02,1983 Feb,100.5
CUUR0000SEFG,1983,M03,1983 Mar,100.7
CUUR0000SEFG,1983,M04,1983 Apr,100.5
CUUR0000SEFG,1983,M05,1983 May,98.7
CUUR0000SEFG,1983,M06,1983 Jun,98.3
CUUR0000SEFG,1983,M07,1983 Jul,97.7
CUUR0000SEFG,1983,M08,1983 Aug,98.7
CUUR0000SEFG,1983,M09,1983 Sep,98.7
CUUR0000SEFG,1983,M10,1983 Oct,99.1
CUUR0000SEFG,1983,M11,1983 Nov,99.3
CUUR0000SEFG,1983,M12,1983 Dec,99.7
CUUR0000SEFG,1984,M01,1984 Jan,101.6
CUUR0000SEFG,1984,M02,1984 Feb,102.3
CUUR0000SEFG,1984,M03,1984 Mar,102.1
CUUR0000SEFG,1984,M04,1984 Apr,102.6
CUUR0000SEFG,1984,M05,1984 May,100.9
CUUR0000SEFG,1984,M06,1984 Jun,101.3
CUUR0000SEFG,1984,M07,1984 Jul,102.5
CUUR0000SEFG,1984,M08,1984 Aug,102.5
CUUR0000SEFG,1984,M09,1984 Sep,103.5
CUUR0000SEFG,1984,M10,1984 Oct,103.5
CUUR0000SEFG,1984,M11,1984 Nov,103.1
CUUR0000SEFG,1984,M12,1984 Dec,103.9
CUUR0000SEFG,1985,M01,1985 Jan,107.6
CUUR0000SEFG,1985,M02,1985 Feb,106.3
CUUR0000SEFG,1985,M03,1985 Mar,106.8
CUUR0000SEFG,1985,M04,1985 Apr,106.7
CUUR0000SEFG,1985,M05,1985 May,104.9
CUUR0000SEFG,1985,M06,1985 Jun,105.2
CUUR0000SEFG,1985,M07,1985 Jul,106.7
CUUR0000SEFG,1985,M08,1985 Aug,107.6
CUUR0000SEFG,1985,M09,1985 Sep,108.3
CUUR0000SEFG,1985,M10,1985 Oct,108.1
CUUR0000SEFG,1985,M11,1985 Nov,111.0
CUUR0000SEFG,1985,M12,1985 Dec,111.4
CUUR0000SEFG,1986,M01,1986 Jan,117.6
CUUR0000SEFG,1986,M02,1986 Feb,114.1
CUUR0000SEFG,1986,M03,1986 Mar,115.4
CUUR0000SEFG,1986,M04,1986 Apr,115.8
CUUR0000SEFG,1986,M05,1986 May,115.8
CUUR0000SEFG,1986,M06,1986 Jun,115.1
CUUR0000SEFG,1986,M07,1986 Jul,118.5
CUUR0000SEFG,1986,M08,1986 Aug,118.2
CUUR0000SEFG,1986,M09,1986 Sep,118.5
CUUR0000SEFG,1986,M10,1986 Oct,119.6
CUUR0000SEFG,1986,M11,1986 Nov,119.1
CUUR0000SEFG,1986,M12,1986 Dec,121.2
CUUR0000SEFG,1987,M01,1987 Jan,126.6
CUUR0000SEFG,1987,M02,1987 Feb,127.1
CUUR0000SEFG,1987,M03,1987 Mar,129.1
CUUR0000SEFG,1987,M04,1987 Apr,129.5
CUUR0000SEFG,1987,M05,1987 May,128.9
CUUR0000SEFG,1987,M06,1987 Jun,128.3
CUUR0000SEFG,1987,M07,1987 Jul,129.7
CUUR0000SEFG,1987,M08,1987 Aug,130.8
CUUR0000SEFG,1987,M09,1987 Sep,132.0
CUUR0000SEFG,1987,M10,1987 Oct,131.4
CUUR0000SEFG,1987,M11,1987 Nov,132.3
CUUR0000SEFG,1987,M12,1987 Dec,133.3
CUUR0000SEFG,1988,M01,1988 Jan,137.2
CUUR0000SEFG,1988,M02,1988 Feb,137.0
CUUR0000SEFG,1988,M03,1988 Mar,136.0
CUUR0000SEFG,1988,M04,1988 Apr,139.3
CUUR0000SEFG,1988,M05,1988 May,136.1
CUUR0000SEFG,1988,M06,1988 Jun,136.0
CUUR0000SEFG,1988,M07,1988 Jul,138.1
CUUR0000SEFG,1988,M08,1988 Aug,137.9
CUUR0000SEFG,1988,M09,1988 Sep,136.0
CUUR0000SEFG,1988,M10,1988 Oct,137.4
CUUR0000SEFG,1988,M11,1988 Nov,138.7
CUUR0000SEFG,1988,M12,1988 Dec,138.9
CUUR0000SEFG,1989,M01,1989 Jan,144.0
CUUR0000SEFG,1989,M02,1989 Feb,142.9
CUUR0000SEFG,1989,M03,1989 Mar,144.3
CUUR0000SEFG,1989,M04,1989 Apr,143.3
CUUR0000SEFG,1989,M05,1989 May,142.3
CUUR0000SEFG,1989,M06,1989 Jun,142.9
CUUR0000SEFG,1989,M07,1989 Jul,142.3
CUUR0000SEFG,1989,M08,1989 Aug,145.2
CUUR0000SEFG,1989,M09,1989 Sep,146.9
CUUR0000SEFG,1989,M10,1989 Oct,143.9
CUUR0000SEFG,1989,M11,1989 Nov,142.0
CUUR0000SEFG,1989,M12,1989 Dec,143.0
CUUR0000SEFG,1990,M01,1990 Jan,149.0
CUUR0000SEFG,1990,M02,1990 Feb,150.6
CUUR0000SEFG,1990,M03,1990 Mar,148.0
CUUR0000SEFG,1990,M04,1990 Apr,147.2
CUUR0000SEFG,1990,M05,1990 May,143.8
CUUR0000SEFG,1990,M06,1990 Jun,143.7
CUUR0000SEFG,1990,M07,1990 Jul,143.3
CUUR0000SEFG,1990,M08,1990 Aug,145.2
CUUR0000SEFG,1990,M09,1990 Sep,147.4
CUUR0000SEFG,1990,M10,1990 Oct,147.0
CUUR0000SEFG,1990,M11,1990 Nov,147.0
CUUR0000SEFG,1990,M12,1990 Dec,148.5
CUUR0000SEFG,1991,M01,1991 Jan,151.1
CUUR0000SEFG,1991,M02,1991 Feb,148.7
CUUR0000SEFG,1991,M03,1991 Mar,149.6
CUUR0000SEFG,1991,M04,1991 Apr,148.2
CUUR0000SEFG,1991,M05,1991 May,147.0
CUUR0000SEFG,1991,M06,1991 Jun,146.7
CUUR0000SEFG,1991,M07,1991 Jul,146.1
CUUR0000SEFG,1991,M08,1991 Aug,145.2
CUUR0000SEFG,1991,M09,1991 Sep,147.8
CUUR0000SEFG,1991,M10,1991 Oct,149.4
CUUR0000SEFG,1991,M11,1991 Nov,149.5
CUUR0000SEFG,1991,M12,1991 Dec,150.4
CUUR0000SEFG,1992,M01,1992 Jan,154.6
CUUR0000SEFG,1992,M02,1992 Feb,151.0
CUUR0000SEFG,1992,M03,1992 Mar,152.6
CUUR0000SEFG,1992,M04,1992 Apr,153.5
CUUR0000SEFG,1992,M05,1992 May,151.6
CUUR0000SEFG,1992,M06,1992 Jun,149.1
CUUR0000SEFG,1992,M07,1992 Jul,150.4
CUUR0000SEFG,1992,M08,1992 Aug,151.6
CUUR0000SEFG,1992,M09,1992 Sep,151.2
CUUR0000SEFG,1992,M10,1992 Oct,151.4
CUUR0000SEFG,1992,M11,1992 Nov,151.2
CUUR0000SEFG,1992,M12,1992 Dec,152.0
CUUR0000SEFG,1993,M01,1993 Jan,157.2
CUUR0000SEFG,1993,M02,1993 Feb,157.5
CUUR0000SEFG,1993,M03,1993 Mar,157.8
CUUR0000SEFG,1993,M04,1993 Apr,159.7
CUUR0000SEFG,1993,M05,1993 May,154.7
CUUR0000SEFG,1993,M06,1993 Jun,154.8
CUUR0000SEFG,1993,M07,1993 Jul,153.2
CUUR0000SEFG,1993,M08,1993 Aug,154.1
CUUR0000SEFG,1993,M09,1993 Sep,155.4
CUUR0000SEFG,1993,M10,1993 Oct,157.4
CUUR0000SEFG,1993,M11,1993 Nov,158.9
CUUR0000SEFG,1993,M12,1993 Dec,158.7
CUUR0000SEFG,1994,M01,1994 Jan,163.2
CUUR0000SEFG,1994,M02,1994 Feb,160.9
CUUR0000SEFG,1994,M03,1994 Mar,161.8
CUUR0000SEFG,1994,M04,1994 Apr,163.7
CUUR0000SEFG,1994,M05,1994 May,161.6
CUUR0000SEFG,1994,M06,1994 Jun,162.6
CUUR0000SEFG,1994,M07,1994 Jul,163.2
CUUR0000SEFG,1994,M08,1994 Aug,163.6
CUUR0000SEFG,1994,M09,1994 Sep,164.9
CUUR0000SEFG,1994,M10,1994 Oct,164.8
CUUR0000SEFG,1994,M11,1994 Nov,167.0
CUUR0000SEFG,1994,M12,1994 Dec,166.9
CUUR0000SEFG,1995,M01,1995 Jan,169.0
CUUR0000SEFG,1995,M02,1995 Feb,170.4
CUUR0000SEFG,1995,M03,1995 Mar,171.2
CUUR0000SEFG,1995,M04,1995 Apr,171.6
CUUR0000SEFG,1995,M05,1995 May,171.9
CUUR0000SEFG,1995,M06,1995 Jun,172.1
CUUR0000SEFG,1995,M07,1995 Jul,170.4
CUUR0000SEFG,1995,M08,1995 Aug,170.9
CUUR0000SEFG,1995,M09,1995 Sep,173.5
CUUR0000SEFG,1995,M10,1995 Oct,173.3
CUUR0000SEFG,1995,M11,1995 Nov,172.9
CUUR0000SEFG,1995,M12,1995 Dec,172.1
CUUR0000SEFG,1996,M01,1996 Jan,174.7
CUUR0000SEFG,1996,M02,1996 Feb,172.1
CUUR0000SEFG,1996,M03,1996 Mar,173.0
CUUR0000SEFG,1996,M04,1996 Apr,172.1
CUUR0000SEFG,1996,M05,1996 May,173.4
CUUR0000SEFG,1996,M06,1996 Jun,173.7
CUUR0000SEFG,1996,M07,1996 Jul,173.0
CUUR0000SEFG,1996,M08,1996 Aug,170.2
CUUR0000SEFG,1996,M09,1996 Sep,171.9
CUUR0000SEFG,1996,M10,1996 Oct,173.5
CUUR0000SEFG,1996,M11,1996 Nov,174.3
CUUR0000SEFG,1996,M12,1996 Dec,175.1
CUUR0000SEFG,1997,M01,1997 Jan,178.6
CUUR0000SEFG,1997,M02,1997 Feb,175.3
CUUR0000SEFG,1997,M03,1997 Mar,178.2
CUUR0000SEFG,1997,M04,1997 Apr,176.9
CUUR0000SEFG,1997,M05,1997 May,176.5
CUUR0000SEFG,1997,M06,1997 Jun,176.6
CUUR0000SEFG,1997,M07,1997 Jul,174.9
CUUR0000SEFG,1997,M08,1997 Aug,177.5
CUUR0000SEFG,1997,M09,1997 Sep,176.5
CUUR0000SEFG,1997,M10,1997 Oct,178.4
CUUR0000SEFG,1997,M11,1997 Nov,178.9
CUUR0000SEFG,1997,M12,1997 Dec,177.2
CUUR0000SEFG,1998,M01,1998 Jan,180.7
CUUR0000SEFG,1998,M02,1998 Feb,180.9
CUUR0000SEFG,1998,M03,1998 Mar,180.3
CUUR0000SEFG,1998,M04,1998 Apr,181.0
CUUR0000SEFG,1998,M05,1998 May,180.9
CUUR0000SEFG,1998,M06,1998 Jun,180.5
CUUR0000SEFG,1998,M07,1998 Jul,181.4
CUUR0000SEFG,1998,M08,1998 Aug,183.5
CUUR0000SEFG,1998,M09,1998 Sep,181.5
CUUR0000SEFG,1998,M10,1998 Oct,183.1
CUUR0000SEFG,1998,M11,1998 Nov,183.1
CUUR0000SEFG,1998,M12,1998 Dec,183.7
CUUR0000SEFG,1999,M01,1999 Jan,183.6
CUUR0000SEFG,1999,M02,1999 Feb,184.3
CUUR0000SEFG,1999,M03,1999 Mar,183.5
CUUR0000SEFG,1999,M04,1999 Apr,185.3
CUUR0000SEFG,1999,M05,1999 May,185.9
CUUR0000SEFG,1999,M06,1999 Jun,184.6
CUUR0000SEFG,1999,M07,1999 Jul,184.4
CUUR0000SEFG,1999,M08,1999 Aug,185.2
CUUR0000SEFG,1999,M09,1999 Sep,184.7
CUUR0000SEFG,1999,M10,1999 Oct,187.3
CUUR0000SEFG,1999,M11,1999 Nov,187.9
CUUR0000SEFG,1999,M12,1999 Dec,186.9
CUUR0000SEFG,2000,M01,2000 Jan,186.0
CUUR0000SEFG,2000,M02,2000 Feb,190.0
CUUR0000SEFG,2000,M03,2000 Mar,189.9
CUUR0000SEFG,2000,M04,2000 Apr,189.8
CUUR0000SEFG,2000,M05,2000 May,192.4
CUUR0000SEFG,2000,M06,2000 Jun,191.9
CUUR0000SEFG,2000,M07,2000 Jul,189.7
CUUR0000SEFG,2000,M08,2000 Aug,190.7
CUUR0000SEFG,2000,M09,2000 Sep,191.9
CUUR0000SEFG,2000,M10,2000 Oct,192.8
CUUR0000SEFG,2000,M11,2000 Nov,189.6
CUUR0000SEFG,2000,M12,2000 Dec,189.5
CUUR0000SEFG,2001,M01,2001 Jan,192.8
CUUR0000SEFG,2001,M02,2001 Feb,193.0
CUUR0000SEFG,2001,M03,2001 Mar,190.7
CUUR0000SEFG,2001,M04,2001 Apr,192.4
CUUR0000SEFG,2001,M05,2001 May,194.6
CUUR0000SEFG,2001,M06,2001 Jun,191.5
CUUR0000SEFG,2001,M07,2001 Jul,191.0
CUUR0000SEFG,2001,M08,2001 Aug,189.7
CUUR0000SEFG,2001,M09,2001 Sep,189.1
CUUR0000SEFG,2001,M10,2001 Oct,189.5
CUUR0000SEFG,2001,M11,2001 Nov,189.2
CUUR0000SEFG,2001,M12,2001 Dec,189.4
CUUR0000SEFG,2002,M01,2002 Jan,189.2
CUUR0000SEFG,2002,M02,2002 Feb,186.0
CUUR0000SEFG,2002,M03,2002 Mar,185.6
CUUR0000SEFG,2002,M04,2002 Apr,189.2
CUUR0000SEFG,2002,M05,2002 May,191.0
CUUR0000SEFG,2002,M06,2002 Jun,188.1
CUUR0000SEFG,2002,M07,2002 Jul,191.2
CUUR0000SEFG,2002,M08,2002 Aug,187.2
CUUR0000SEFG,2002,M09,2002 Sep,186.9
CUUR0000SEFG,2002,M10,2002 Oct,187.4
CUUR0000SEFG,2002,M11,2002 Nov,187.4
CUUR0000SEFG,2002,M12,2002 Dec,187.4
CUUR0000SEFG,2003,M01,2003 Jan,187.8
CUUR0000SEFG,2003,M02,2003 Feb,189.4
CUUR0000SEFG,2003,M03,2003 Mar,186.8
CUUR0000SEFG,2003,M04,2003 Apr,187.3
CUUR0000SEFG,2003,M05,2003 May,189.6
CUUR0000SEFG,2003,M06,2003 Jun,191.2
CUUR0000SEFG,2003,M07,2003 Jul,189.5
CUUR0000SEFG,2003,M08,2003 Aug,191.8
CUUR0000SEFG,2003,M09,2003 Sep,191.0
CUUR0000SEFG,2003,M10,2003 Oct,190.5
CUUR0000SEFG,2003,M11,2003 Nov,192.5
CUUR0000SEFG,2003,M12,2003 Dec,192.5
CUUR0000SEFG,2004,M01,2004 Jan,194.1
CUUR0000SEFG,2004,M02,2004 Feb,193.2
CUUR0000SEFG,2004,M03,2004 Mar,190.6
CUUR0000SEFG,2004,M04,2004 Apr,192.8
CUUR0000SEFG,2004,M05,2004 May,193.9
CUUR0000SEFG,2004,M06,2004 Jun,193.4
CUUR0000SEFG,2004,M07,2004 Jul,195.6
CUUR0000SEFG,2004,M08,2004 Aug,194.1
CUUR0000SEFG,2004,M09,2004 Sep,195.1
CUUR0000SEFG,2004,M10,2004 Oct,195.8
CUUR0000SEFG,2004,M11,2004 Nov,196.5
CUUR0000SEFG,2004,M12,2004 Dec,196.9
CUUR0000SEFG,2005,M01,2005 Jan,199.4
CUUR0000SEFG,2005,M02,2005 Feb,196.9
CUUR0000SEFG,2005,M03,2005 Mar,196.2
CUUR0000SEFG,2005,M04,2005 Apr,199.4
CUUR0000SEFG,2005,M05,2005 May,198.6
CUUR0000SEFG,2005,M06,2005 Jun,199.5
CUUR0000SEFG,2005,M07,2005 Jul,199.7
CUUR0000SEFG,2005,M08,2005 Aug,200.4
CUUR0000SEFG,2005,M09,2005 Sep,200.4
CUUR0000SEFG,2005,M10,2005 Oct,202.0
CUUR0000SEFG,2005,M11,2005 Nov,204.1
CUUR0000SEFG,2005,M12,2005 Dec,204.4
CUUR0000SEFG,2006,M01,2006 Jan,206.3
CUUR0000SEFG,2006,M02,2006 Feb,206.1
CUUR0000SEFG,2006,M03,2006 Mar,205.2
CUUR0000SEFG,2006,M04,2006 Apr,206.4
CUUR0000SEFG,2006,M05,2006 May,208.1
CUUR0000SEFG,2006,M06,2006 Jun,210.2
CUUR0000SEFG,2006,M07,2006 Jul,208.7
CUUR0000SEFG,2006,M08,2006 Aug,212.3
CUUR0000SEFG,2006,M09,2006 Sep,213.7
CUUR0000SEFG,2006,M10,2006 Oct,213.7
CUUR0000SEFG,2006,M11,2006 Nov,211.8
CUUR0000SEFG,2006,M12,2006 Dec,211.6
CUUR0000SEFG,2007,M01,2007 Jan,214.642
CUUR0000SEFG,2007,M02,2007 Feb,215.407
CUUR0000SEFG,2007,M03,2007 Mar,214.915
CUUR0000SEFG,2007,M04,2007 Apr,218.301
CUUR0000SEFG,2007,M05,2007 May,220.692
CUUR0000SEFG,2007,M06,2007 Jun,221.255
CUUR0000SEFG,2007,M07,2007 Jul,219.280
CUUR0000SEFG,2007,M08,2007 Aug,219.887
CUUR0000SEFG,2007,M09,2007 Sep,219.626
CUUR0000SEFG,2007,M10,2007 Oct,222.125
CUUR0000SEFG,2007,M11,2007 Nov,221.275
CUUR0000SEFG,2007,M12,2007 Dec,221.633
CUUR0000SEFG,2008,M01,2008 Jan,223.529
CUUR0000SEFG,2008,M02,2008 Feb,223.682
CUUR0000SEFG,2008,M03,2008 Mar,222.200
CUUR0000SEFG,2008,M04,2008 Apr,228.053
CUUR0000SEFG,2008,M05,2008 May,230.082
CUUR0000SEFG,2008,M06,2008 Jun,232.428
CUUR0000SEFG,2008,M07,2008 Jul,233.597
CUUR0000SEFG,2008,M08,2008 Aug,236.810
CUUR0000SEFG,2008,M09,2008 Sep,238.281
CUUR0000SEFG,2008,M10,2008 Oct,239.933
CUUR0000SEFG,2008,M11,2008 Nov,238.113
CUUR0000SEFG,2008,M12,2008 Dec,238.759
CUUR0000SEFG,2009,M01,2009 Jan,241.085
CUUR0000SEFG,2009,M02,2009 Feb,239.616
CUUR0000SEFG,2009,M03,2009 Mar,239.120
CUUR0000SEFG,2009,M04,2009 Apr,240.019
CUUR0000SEFG,2009,M05,2009 May,242.324
CUUR0000SEFG,2009,M06,2009 Jun,243.359
CUUR0000SEFG,2009,M07,2009 Jul,243.952
CUUR0000SEFG,2009,M08,2009 Aug,242.022
CUUR0000SEFG,2009,M09,2009 Sep,240.539
CUUR0000SEFG,2009,M10,2009 Oct,236.884
CUUR0000SEFG,2009,M11,2009 Nov,239.085
CUUR0000SEFG,2009,M12,2009 Dec,238.671
CUUR0000SEFG,2010,M01,2010 Jan,242.194
CUUR0000SEFG,2010,M02,2010 Feb,237.881
CUUR0000SEFG,2010,M03,2010 Mar,236.327
CUUR0000SEFG,2010,M04,2010 Apr,240.577
CUUR0000SEFG,2010,M05,2010 May,241.432
CUUR0000SEFG,2010,M06,2010 Jun,243.969
CUUR0000SEFG,2010,M07,2010 Jul,245.228
CUUR0000SEFG,2010,M08,2010 Aug,243.222
CUUR0000SEFG,2010,M09,2010 Sep,244.470
CUUR0000SEFG,2010,M10,2010 Oct,245.581
CUUR0000SEFG,2010,M11,2010 Nov,249.137
CUUR0000SEFG,2010,M12,2010 Dec,248.725
CUUR0000SEFG,2011,M01,2011 Jan,251.130
CUUR0000SEFG,2011,M02,2011 Feb,252.814
CUUR0000SEFG,2011,M03,2011 Mar,254.447
CUUR0000SEFG,2011,M04,2011 Apr,256.495
CUUR0000SEFG,2011,M05,2011 May,262.166
CUUR0000SEFG,2011,M06,2011 Jun,263.994
CUUR0000SEFG,2011,M07,2011 Jul,264.528
CUUR0000SEFG,2011,M08,2011 Aug,263.376
CUUR0000SEFG,2011,M09,2011 Sep,264.307
CUUR0000SEFG,2011,M10,2011 Oct,263.100
CUUR0000SEFG,2011,M11,2011 Nov,263.881
CUUR0000SEFG,2011,M12,2011 Dec,265.682
CUUR0000SEFG,2012,M01,2012 Jan,266.694
CUUR0000SEFG,2012,M02,2012 Feb,262.899
CUUR0000SEFG,2012,M03,2012 Mar,264.372
CUUR0000SEFG,2012,M04,2012 Apr,268.063
CUUR0000SEFG,2012,M05,2012 May,267.046
CUUR0000SEFG,2012,M06,2012 Jun,268.247
CUUR0000SEFG,2012,M07,2012 Jul,268.780
CUUR0000SEFG,2012,M08,2012 Aug,266.920
CUUR0000SEFG,2012,M09,2012 Sep,267.697
CUUR0000SEFG,2012,M10,2012 Oct,266.768
CUUR0000SEFG,2012,M11,2012 Nov,266.862
CUUR0000SEFG,2012,M12,2012 Dec,265.475
CUUR0000SEFG,2013,M01,2013 Jan,267.671
CUUR0000SEFG,2013,M02,2013 Feb,264.262
CUUR0000SEFG,2013,M03,2013 Mar,266.075
CUUR0000SEFG,2013,M04,2013 Apr,274.095
CUUR0000SEFG,2013,M05,2013 May,271.585
CUUR0000SEFG,2013,M06,2013 Jun,272.462
CUUR0000SEFG,2013,M07,2013 Jul,273.497
CUUR0000SEFG,2013,M08,2013 Aug,274.953
CUUR0000SEFG,2013,M09,2013 Sep,277.198
CUUR0000SEFG,2013,M10,2013 Oct,280.198
CUUR0000SEFG,2013,M11,2013 Nov,279.388
CUUR0000SEFG,2013,M12,2013 Dec,277.682
CUUR0000SEFG,2014,M01,2014 Jan,283.814
CUUR0000SEFG,2014,M02,2014 Feb,283.290
CUUR0000SEFG,2014,M03,2014 Mar,281.825
CUUR0000SEFG,2014,M04,2014 Apr,285.621
CUUR0000SEFG,2014,M05,2014 May,290.998
CUUR0000SEFG,2014,M06,2014 Jun,291.999
CUUR0000SEFG,2014,M07,2014 Jul,292.032
CUUR0000SEFG,2014,M08,2014 Aug,292.118
CUUR0000SEFG,2014,M09,2014 Sep,294.159
CUUR0000SEFG,2014,M10,2014 Oct,290.830
CUUR0000SEFG,2014,M11,2014 Nov,291.810
CUUR0000SEFG,2014,M12,2014 Dec,289.586
CUUR0000SEFG,2015,M01,2015 Jan,290.187
CUUR0000SEFG,2015,M02,2015 Feb,287.652
CUUR0000SEFG,2015,M03,2015 Mar,287.739
CUUR0000SEFG,2015,M04,2015 Apr,291.137
CUUR0000SEFG,2015,M05,2015 May,288.711
CUUR0000SEFG,2015,M06,2015 Jun,286.469
CUUR0000SEFG,2015,M07,2015 Jul,285.588
CUUR0000SEFG,2015,M08,2015 Aug,287.811
CUUR0000SEFG,2015,M09,2015 Sep,285.988
CUUR0000SEFG,2015,M10,2015 Oct,281.766
CUUR0000SEFG,2015,M11,2015 Nov,282.827
CUUR0000SEFG,2015,M12,2015 Dec,279.822
CUUR0000SEFG,2016,M01,2016 Jan,282.355
CUUR0000SEFG,2016,M02,2016 Feb,277.929
CUUR0000SEFG,2016,M03,2016 Mar,279.872
CUUR0000SEFG,2016,M04,2016 Apr,286.621
CUUR0000SEFG,2016,M05,2016 May,285.239
CUUR0000SEFG,2016,M06,2016 Jun,285.941
CUUR0000SEFG,2016,M07,2016 Jul,286.165
CUUR0000SEFG,2016,M08,2016 Aug,284.914
CUUR0000SEFG,2016,M09,2016 Sep,287.865
CUUR0000SEFG,2016,M10,2016 Oct,284.040
CUUR0000SEFG,2016,M11,2016 Nov,285.802
CUUR0000SEFG,2016,M12,2016 Dec,284.052
CUUR0000SEFG,2017,M01,2017 Jan,285.501
CUUR0000SEFG,2017,M02,2017 Feb,287.281
CUUR0000SEFG,2017,M03,2017 Mar,284.543
CUUR0000SEFG,2017,M04,2017 Apr,283.879
CUUR0000SEFG,2017,M05,2017 May,288.430
CUUR0000SEFG,2017,M06,2017 Jun,289.780
CUUR0000SEFG,2017,M07,2017 Jul,288.966
CUUR0000SEFG,2017,M08,2017 Aug,288.424
CUUR0000SEFG,2017,M09,2017 Sep,287.940
CUUR0000SEFG,2017,M10,2017 Oct,288.016
CUUR0000SEFG,2017,M11,2017 Nov,290.402
CUUR0000SEFG,2017,M12,2017 Dec,288.952
CUUR0000SEFG,2018,M01,2018 Jan,289.064
CUUR0000SEFG,2018,M02,2018 Feb,285.678
CUUR0000SEFG,2018,M03,2018 Mar,289.436
CUUR0000SEFG,2018,M04,2018 Apr,294.618
CUUR0000SEFG,2018,M05,2018 May,292.439
CUUR0000SEFG,2018,M06,2018 Jun,293.934
CUUR0000SEFG,2018,M07,2018 Jul,293.656
CUUR0000SEFG,2018,M08,2018 Aug,297.855
CUUR0000SEFG,2018,M09,2018 Sep,295.797
CUUR0000SEFG,2018,M10,2018 Oct,296.172
CUUR0000SEFG,2018,M11,2018 Nov,298.392
CUUR0000SEFG,2018,M12,2018 Dec,298.167
CUUR0000SEFG,2019,M01,2019 Jan,299.646
CUUR0000SEFG,2019,M02,2019 Feb,298.350
CUUR0000SEFG,2019,M03,2019 Mar,297.251
CUUR0000SEFG,2019,M04,2019 Apr,298.330
CUUR0000SEFG,2019,M05,2019 May,301.048
CUUR0000SEFG,2019,M06,2019 Jun,298.810
CUUR0000SEFG,2019,M07,2019 Jul,298.232
CUUR0000SEFG,2019,M08,2019 Aug,298.622
CUUR0000SEFG,2019,M09,2019 Sep,297.023
CUUR0000SEFG,2019,M10,2019 Oct,298.194
CUUR0000SEFG,2019,M11,2019 Nov,298.291
CUUR0000SEFG,2019,M12,2019 Dec,298.123
CUUR0000SEFG,2020,M01,2020 Jan,300.842
CUUR0000SEFG,2020,M02,2020 Feb,298.721
CUUR0000SEFG,2020,M03,2020 Mar,297.550
CUUR0000SEFG,2020,M04,2020 Apr,311.987
CUUR0000SEFG,2020,M05,2020 May,313.424
CUUR0000SEFG,2020,M06,2020 Jun,310.716
CUUR0000SEFG,2020,M07,2020 Jul,308.877
CUUR0000SEFG,2020,M08,2020 Aug,309.391
CUUR0000SEFG,2020,M09,2020 Sep,310.962
CUUR0000SEFG,2020,M10,2020 Oct,310.959
CUUR0000SEFG,2020,M11,2020 Nov,312.401
CUUR0000SEFG,2020,M12,2020 Dec,312.957
CUUR0000SEFG,2021,M01,2021 Jan,313.669
CUUR0000SEFG,2021,M02,2021 Feb,312.061
CUUR0000SEFG,2021,M03,2021 Mar,312.965
CUUR0000SEFG,2021,M04,2021 Apr,313.251
CUUR0000SEFG,2021,M05,2021 May,319.479
CUUR0000SEFG,2021,M06,2021 Jun,324.598
CUUR0000SEFG,2021,M07,2021 Jul,329.386
CUUR0000SEFG,2021,M08,2021 Aug,328.899
CUUR0000SEFG,2021,M09,2021 Sep,332.906
CUUR0000SEFG,2021,M10,2021 Oct,334.283
CUUR0000SEFG,2021,M11,2021 Nov,337.470
CUUR0000SEFG,2021,M12,2021 Dec,339.321
CUUR0000SEFG,2022,M01,2022 Jan,343.868
CUUR0000SEFG,2022,M02,2022 Feb,344.518
CUUR0000SEFG,2022,M03,2022 Mar,347.215
CUUR0000SEFG,2022,M04,2022 Apr,350.492
CUUR0000SEFG,2022,M05,2022 May,358.446
CUUR0000SEFG,2022,M06,2022 Jun,360.244
CUUR0000SEFG,2022,M07,2022 Jul,358.193
CUUR0000SEFG,2022,M08,2022 Aug,357.561
CUUR0000SEFG,2022,M09,2022 Sep,359.500
CUUR0000SEFG,2022,M10,2022 Oct,358.913
CUUR0000SEFG,2022,M11,2022 Nov,359.506
CUUR0000SEFG,2022,M12,2022 Dec,356.452
CUUR0000SEFG,2023,M01,2023 Jan,357.719
CUUR0000SEFG,2023,M02,2023 Feb,360.246
